-- MySQL dump 10.11
--
-- Host: localhost    Database: divcloud
-- ------------------------------------------------------
-- Server version	5.0.67-community-nt

/*!40101 SET @OLD_CHARACTER_SET_CLIENT=@@CHARACTER_SET_CLIENT */;
/*!40101 SET @OLD_CHARACTER_SET_RESULTS=@@CHARACTER_SET_RESULTS */;
/*!40101 SET @OLD_COLLATION_CONNECTION=@@COLLATION_CONNECTION */;
/*!40101 SET NAMES utf8 */;
/*!40103 SET @OLD_TIME_ZONE=@@TIME_ZONE */;
/*!40103 SET TIME_ZONE='+00:00' */;
/*!40014 SET @OLD_UNIQUE_CHECKS=@@UNIQUE_CHECKS, UNIQUE_CHECKS=0 */;
/*!40014 SET @OLD_FOREIGN_KEY_CHECKS=@@FOREIGN_KEY_CHECKS, FOREIGN_KEY_CHECKS=0 */;
/*!40101 SET @OLD_SQL_MODE=@@SQL_MODE, SQL_MODE='NO_AUTO_VALUE_ON_ZERO' */;
/*!40111 SET @OLD_SQL_NOTES=@@SQL_NOTES, SQL_NOTES=0 */;

--
-- Table structure for table `carshome_brand`
--

DROP TABLE IF EXISTS `carshome_brand`;
SET @saved_cs_client     = @@character_set_client;
SET character_set_client = utf8;
CREATE TABLE `carshome_brand` (
  `ID` int(11) NOT NULL auto_increment,
  `BRAND_DESCRIPTION` varchar(255) default NULL,
  `BRAND_ICON_PATH` varchar(255) default NULL,
  `BRAND_SORT_CHAR` varchar(255) default NULL,
  `COUNTRY_ID` int(11) default NULL,
  `CREATE_TIME` datetime default NULL,
  `UPDATE_TIME` datetime default NULL,
  PRIMARY KEY  (`ID`),
  KEY `FK5130A086E0F6E7BF` (`COUNTRY_ID`)
) ENGINE=MyISAM AUTO_INCREMENT=113 DEFAULT CHARSET=gbk;
SET character_set_client = @saved_cs_client;

--
-- Dumping data for table `carshome_brand`
--

LOCK TABLES `carshome_brand` WRITE;
/*!40000 ALTER TABLE `carshome_brand` DISABLE KEYS */;
INSERT INTO `carshome_brand` VALUES (8,'北京汽车','201204271021022.jpg','B',1,'2012-05-14 12:44:10',NULL),(9,'北汽威旺','201204271021045.jpg','B',1,'2012-05-14 12:44:10',NULL),(10,'北汽制造','201204271021059.jpg','B',1,'2012-05-14 12:44:10',NULL),(11,'奔腾','201204271022008.jpg','B',1,'2012-05-14 12:44:10',NULL),(12,'宝骏汽车','201204271022024.jpg','B',1,'2012-05-14 12:44:10',NULL),(13,'昌河','201204271022035.jpg','C',1,'2012-05-14 12:44:10',NULL),(14,'长安汽车','201204271022057.jpg','C',1,'2012-05-14 12:44:10',NULL),(15,'长城','201204271023049.jpg','C',1,'2012-05-14 12:44:10',NULL),(16,'长安商用','201204271024002.jpg','C',1,'2012-05-14 12:44:10',NULL),(17,'长丰','201204271024013.jpg','C',1,'2012-05-14 12:44:10',NULL),(18,'川汽野马','201204271024024.jpg','C',1,'2012-05-14 12:44:10',NULL),(19,'东风','201204271024044.jpg','D',1,'2012-05-14 12:44:10',NULL),(20,'东风风神','201204271024053.jpg','D',1,'2012-05-14 12:44:10',NULL),(21,'东南','201204271025005.jpg','D',1,'2012-05-14 12:44:10',NULL),(22,'帝豪','201204271025017.jpg','D',1,'2012-05-14 12:44:10',NULL),(23,'大通','201204271025025.jpg','D',1,'2012-05-14 12:44:10',NULL),(24,'福田','201204271025035.jpg','F',1,'2012-05-14 12:44:10',NULL),(25,'广汽','201204271025049.jpg','G',1,'2012-05-14 12:44:10',NULL),(26,'海马','201204271026002.jpg','H',1,'2012-05-14 12:44:10',NULL),(27,'华泰','201204271026013.jpg','H',1,'2012-05-14 12:44:10',NULL),(28,'哈飞','201204271026024.jpg','H',1,'2012-05-14 12:44:10',NULL),(29,'黄海汽车','201204271026034.jpg','H',1,'2012-05-14 12:44:10',NULL),(30,'红旗','201204271026045.jpg','H',1,'2012-05-14 12:44:10',NULL),(31,'江淮','201204271026058.jpg','J',1,'2012-05-14 12:44:10',NULL),(32,'广汽吉奥','201204271027011.jpg','G',1,'2012-05-14 12:44:10',NULL),(33,'吉利','201204271027022.jpg','J',1,'2012-05-14 12:44:10',NULL),(34,'金杯','201204271027030.jpg','J',1,'2012-05-14 12:44:10',NULL),(35,'江铃','201204271027041.jpg','J',1,'2012-05-14 12:44:10',NULL),(36,'开瑞','201204271027054.jpg','K',1,'2012-05-14 12:44:10',NULL),(37,'力帆','201204271028010.jpg','L',1,'2012-05-14 12:44:10',NULL),(38,'陆风','201204271028034.jpg','L',1,'2012-05-14 12:44:10',NULL),(39,'MG','201204271028050MG.jpg','M',1,'2012-05-14 12:44:10',NULL),(40,'纳智捷','201204271029012.jpg','N',1,'2012-05-14 12:44:10',NULL),(41,'欧朗','201204271029025.jpg','O',1,'2012-05-14 12:44:10',NULL),(42,'奇瑞','201204271029038.jpg','Q',1,'2012-05-14 12:44:10',NULL),(43,'全球鹰','201204271029048.jpg','Q',1,'2012-05-14 12:44:10',NULL),(44,'荣威','201204271029059.jpg','R',1,'2012-05-14 12:44:10',NULL),(45,'瑞麒','201204271030013.jpg','R',1,'2012-05-14 12:44:10',NULL),(46,'双环','201204271030024.jpg','S',1,'2012-05-14 12:44:10',NULL),(47,'威麟','201204271030049.jpg','W',1,'2012-05-14 12:44:10',NULL),(48,'五菱汽车','201204271030058.jpg','W',1,'2012-05-14 12:44:10',NULL),(49,'中国一汽','201204271031009.jpg','Z',1,'2012-05-14 12:44:10',NULL),(50,'英伦汽车','201204271031021.jpg','Y',1,'2012-05-14 12:44:10',NULL),(51,'永源汽车','201204271031031.jpg','Y',1,'2012-05-14 12:44:10',NULL),(52,'中华','201204271031041.jpg','Z',1,'2012-05-14 12:44:10',NULL),(53,'众泰','201204271031053.jpg','Z',1,'2012-05-14 12:44:10',NULL),(54,'中兴','201204271032005.jpg','Z',1,'2012-05-14 12:44:10',NULL),(55,'别克','201204271035005.jpg','B',2,'2012-05-14 12:44:10',NULL),(56,'道奇','201204271035015.jpg','D',2,'2012-05-14 12:44:10',NULL),(57,'福特','201204271035025.jpg','F',2,'2012-05-14 12:44:10',NULL),(58,'悍马','201204271035044.jpg','H',2,'2012-05-14 12:44:10',NULL),(59,'Jeep','201204271035054jeep.jpg','J',2,'2012-05-14 12:44:10',NULL),(60,'凯迪拉克','201204271036006.jpg','K',2,'2012-05-14 12:44:10',NULL),(61,'克莱斯勒','201204271036016.jpg','K',2,'2012-05-14 12:44:10',NULL),(62,'林肯','201204271036026.jpg','L',2,'2012-05-14 12:44:10',NULL),(63,'雪佛兰','201204271036036.jpg','X',2,'2012-05-14 12:44:10',NULL),(64,'奥迪','201204271037037.jpg','O',3,'2012-05-14 12:44:10',NULL),(65,'宝马','201204271037050.jpg','B',3,'2012-05-14 12:44:10',NULL),(66,'奔驰','201204271037059.jpg','B',3,'2012-05-14 12:44:10',NULL),(67,'保时捷','201204271038017.jpg','B',3,'2012-05-14 12:44:10',NULL),(68,'大众','201204271038029.jpg','D',3,'2012-05-14 12:44:10',NULL),(69,'劳伦士','201204271038042.jpg','L',3,'2012-05-14 12:44:10',NULL),(70,'迈巴赫','201204271038052.jpg','M',3,'2012-05-14 12:44:10',NULL),(71,'欧宝','201204271039005.jpg','O',3,'2012-05-14 12:44:10',NULL),(72,'smart','201204271039017smart.jpg','S',3,'2012-05-14 12:44:10',NULL),(73,'中欧房车','201204271039028.jpg','Z',3,'2012-05-14 12:44:10',NULL),(74,'本田','201204271039053.jpg','B',4,'2012-05-14 12:44:10',NULL),(75,'丰田','201204271040004.jpg','F',4,'2012-05-14 12:44:10',NULL),(76,'光冈','201204271040013.jpg','G',4,'2012-05-14 12:44:10',NULL),(77,'铃木','201204271040028.jpg','L',4,'2012-05-14 12:44:10',NULL),(78,'雷克萨斯','201204271040038.jpg','L',4,'2012-05-14 12:44:10',NULL),(79,'马自达','201204271040048.jpg','M',4,'2012-05-14 12:44:10',NULL),(80,'讴歌','201204271040059.jpg','O',4,'2012-05-14 12:44:10',NULL),(81,'日产','201204271041009.jpg','R',4,'2012-05-14 12:44:10',NULL),(82,'三菱','201204271041018.jpg','S',4,'2012-05-14 12:44:10',NULL),(83,'斯巴鲁','201204271041029.jpg','S',4,'2012-05-14 12:44:10',NULL),(84,'英菲尼迪','201204271041039.jpg','Y',4,'2012-05-14 12:44:10',NULL),(85,'起亚','201204271041054.jpg','Q',5,'2012-05-14 12:44:10',NULL),(86,'双龙','201204271042001.jpg','S',5,'2012-05-14 12:44:10',NULL),(87,'现代','201204271042011.jpg','X',5,'2012-05-14 12:44:10',NULL),(88,'标致','201204271042028.jpg','B',6,'2012-05-14 12:44:10',NULL),(89,'雷诺','201204271042038.jpg','L',6,'2012-05-14 12:44:10',NULL),(90,'雪铁龙','201204271042046.jpg','X',6,'2012-05-14 12:44:10',NULL),(91,'阿斯顿马丁','201204271043059.jpg','A',7,'2012-05-14 12:44:10',NULL),(92,'宾利','201204271044007.jpg','B',7,'2012-05-14 12:44:10',NULL),(93,'捷豹','201204271044017.jpg','J',7,'2012-05-14 12:44:10',NULL),(94,'劳斯莱斯','201204271045003.jpg','L',7,'2012-05-14 12:44:10',NULL),(95,'路虎','201204271045012.jpg','L',7,'2012-05-14 12:44:10',NULL),(96,'路特斯','201204271045020.jpg','L',7,'2012-05-14 12:44:10',NULL),(97,'MINI','201204271045029MINI.jpg','M',7,'2012-05-14 12:44:10',NULL),(98,'阿尔法罗米欧','201204271046009.jpg','A',8,'2012-05-14 12:44:10',NULL),(99,'布嘉迪','201204271046018.jpg','B',8,'2012-05-14 12:44:10',NULL),(100,'法拉利','201204271046040.jpg','F',8,'2012-05-14 12:44:10',NULL),(101,'菲亚特','201204271046048.jpg','F',8,'2012-05-14 12:44:10',NULL),(102,'兰博基尼','201204271046056.jpg','L',8,'2012-05-14 12:44:10',NULL),(103,'玛莎拉蒂','201204271048008.jpg','M',8,'2012-05-14 12:44:10',NULL),(104,'柯尼赛格','201204271048031.jpg','K',9,'2012-05-14 12:44:10',NULL),(105,'帕加尼','201204271048044.jpg','P',9,'2012-05-14 12:44:10',NULL),(106,'萨博','201204271048054.jpg','S',9,'2012-05-14 12:44:10',NULL),(107,'沃尔沃','201204271049003.jpg','W',9,'2012-05-14 12:44:10',NULL),(108,'莲花汽车','201204271049018.jpg','L',9,'2012-05-14 12:44:10',NULL),(109,'斯柯达','201204271049034.jpg','S',9,'2012-05-14 12:44:10',NULL),(110,'世爵','201204271049045.jpg','S',9,'2012-05-14 12:44:10',NULL),(111,'西雅特','201204271049056.jpg','X',9,'2012-05-14 12:44:10',NULL),(7,'比亚迪','201204271019058.jpg','B',1,'2012-05-14 12:44:10',NULL);
/*!40000 ALTER TABLE `carshome_brand` ENABLE KEYS */;
UNLOCK TABLES;

--
-- Table structure for table `carshome_brand_model`
--

DROP TABLE IF EXISTS `carshome_brand_model`;
SET @saved_cs_client     = @@character_set_client;
SET character_set_client = utf8;
CREATE TABLE `carshome_brand_model` (
  `ID` int(11) NOT NULL auto_increment,
  `BRAND_MODEL_NAME` varchar(255) default NULL,
  `BRAND_ID` int(11) default NULL,
  `CREATE_TIME` datetime default NULL,
  `UPDATE_TIME` datetime default NULL,
  PRIMARY KEY  (`ID`)
) ENGINE=InnoDB AUTO_INCREMENT=147 DEFAULT CHARSET=gbk;
SET character_set_client = @saved_cs_client;

--
-- Dumping data for table `carshome_brand_model`
--

LOCK TABLES `carshome_brand_model` WRITE;
/*!40000 ALTER TABLE `carshome_brand_model` DISABLE KEYS */;
INSERT INTO `carshome_brand_model` VALUES (5,'比亚迪',7,'2012-05-14 12:44:17',NULL),(6,'北京汽车',8,'2012-05-14 12:44:17',NULL),(7,'北汽威旺',9,'2012-05-14 12:44:17',NULL),(8,'北汽制造',10,'2012-05-14 12:44:17',NULL),(9,'奔腾',11,'2012-05-14 12:44:17',NULL),(10,'宝骏汽车',12,'2012-05-14 12:44:17',NULL),(11,'昌河汽车',13,'2012-05-14 12:44:17',NULL),(12,'长安汽车',14,'2012-05-14 12:44:17',NULL),(13,'长城汽车',15,'2012-05-14 12:44:17',NULL),(14,'长安商用',16,'2012-05-14 12:44:17',NULL),(15,'广汽长丰',17,'2012-05-14 12:44:17',NULL),(16,'川汽野马',18,'2012-05-14 12:44:17',NULL),(17,'东风风行',19,'2012-05-14 12:44:17',NULL),(18,'东风汽车',19,'2012-05-14 12:44:17',NULL),(19,'东风-郑州日产',19,'2012-05-14 12:44:17',NULL),(20,'东风小康',19,'2012-05-14 12:44:17',NULL),(21,'东风风神',20,'2012-05-14 12:44:17',NULL),(22,'东南汽车',21,'2012-05-14 12:44:17',NULL),(23,'帝豪',22,'2012-05-14 12:44:17',NULL),(24,'大通',23,'2012-05-14 12:44:17',NULL),(25,'福田汽车',24,'2012-05-14 12:44:17',NULL),(26,'广汽乘用车',25,'2012-05-14 12:44:17',NULL),(27,'海马汽车',26,'2012-05-14 12:44:17',NULL),(28,'华泰汽车',27,'2012-05-14 12:44:17',NULL),(29,'哈飞汽车',28,'2012-05-14 12:44:17',NULL),(30,'黄海汽车',29,'2012-05-14 12:44:17',NULL),(31,'一汽红旗',30,'2012-05-14 12:44:17',NULL),(32,'江淮汽车',31,'2012-05-14 12:44:17',NULL),(33,'广汽吉奥',32,'2012-05-14 12:44:17',NULL),(34,'吉利',33,'2012-05-14 12:44:17',NULL),(35,'华晨金杯',34,'2012-05-14 12:44:17',NULL),(36,'江铃汽车',35,'2012-05-14 12:44:17',NULL),(37,'开瑞',36,'2012-05-14 12:44:17',NULL),(38,'力帆汽车',37,'2012-05-14 12:44:17',NULL),(39,'陆风汽车',38,'2012-05-14 12:44:17',NULL),(40,'上海汽车-MG',39,'2012-05-14 12:44:17',NULL),(41,'纳智捷',40,'2012-05-14 12:44:17',NULL),(42,'欧朗',41,'2012-05-14 12:44:17',NULL),(43,'奇瑞',42,'2012-05-14 12:44:17',NULL),(44,'全球鹰',43,'2012-05-14 12:44:17',NULL),(45,'上海汽车-荣威',44,'2012-05-14 12:44:17',NULL),(46,'瑞麒',45,'2012-05-14 12:44:17',NULL),(47,'双环汽车',46,'2012-05-14 12:44:17',NULL),(48,'威麟',47,'2012-05-14 12:44:17',NULL),(49,'上汽通用五菱',48,'2012-05-14 12:44:17',NULL),(50,'一汽天津',49,'2012-05-14 12:44:17',NULL),(51,'一汽吉林',49,'2012-05-14 12:44:17',NULL),(52,'英伦汽车',50,'2012-05-14 12:44:17',NULL),(53,'永源汽车',51,'2012-05-14 12:44:17',NULL),(54,'华晨中华',52,'2012-05-14 12:44:17',NULL),(55,'众泰汽车',53,'2012-05-14 12:44:17',NULL),(56,'中兴汽车',54,'2012-05-14 12:44:17',NULL),(57,'上海通用别克',55,'2012-05-14 12:44:17',NULL),(58,'进口别克',55,'2012-05-14 12:44:17',NULL),(59,'道奇(东南汽车)',56,'2012-05-14 12:44:17',NULL),(60,'进口道奇',56,'2012-05-14 12:44:17',NULL),(61,'长安福特',57,'2012-05-14 12:44:17',NULL),(62,'进口福特',57,'2012-05-14 12:44:17',NULL),(63,'悍马',58,'2012-05-14 12:44:17',NULL),(64,'Jeep',59,'2012-05-14 12:44:17',NULL),(65,'上海通用凯迪拉克',60,'2012-05-14 12:44:17',NULL),(66,'进口凯迪拉克',60,'2012-05-14 12:44:17',NULL),(67,'进口克莱斯勒',61,'2012-05-14 12:44:17',NULL),(68,'克莱斯勒(东南汽车)',61,'2012-05-14 12:44:17',NULL),(69,'北京奔驰-戴克',61,'2012-05-14 12:44:17',NULL),(70,'林肯',62,'2012-05-14 12:44:17',NULL),(71,'上汽通用五菱雪佛兰',63,'2012-05-14 12:44:17',NULL),(72,'上海通用雪佛兰',63,'2012-05-14 12:44:17',NULL),(73,'雪佛兰',63,'2012-05-14 12:44:17',NULL),(74,'一汽奥迪',64,'2012-05-14 12:44:17',NULL),(75,'进口奥迪',64,'2012-05-14 12:44:17',NULL),(76,'华晨宝马',65,'2012-05-14 12:44:17',NULL),(77,'进口宝马',65,'2012-05-14 12:44:17',NULL),(78,'BMW M',65,'2012-05-14 12:44:17',NULL),(79,'北京奔驰',66,'2012-05-14 12:44:17',NULL),(80,'进口奔驰',66,'2012-05-14 12:44:17',NULL),(81,'福建奔驰',66,'2012-05-14 12:44:17',NULL),(82,'AMG',66,'2012-05-14 12:44:17',NULL),(83,'保时捷',67,'2012-05-14 12:44:17',NULL),(84,'上海大众',68,'2012-05-14 12:44:17',NULL),(85,'一汽大众',68,'2012-05-14 12:44:17',NULL),(86,'进口大众',68,'2012-05-14 12:44:17',NULL),(87,'进口劳伦士',69,'2012-05-14 12:44:17',NULL),(88,'迈巴赫',70,'2012-05-14 12:44:17',NULL),(89,'欧宝',71,'2012-05-14 12:44:17',NULL),(90,'Smart',72,'2012-05-14 12:44:17',NULL),(91,'中欧房车',73,'2012-05-14 12:44:17',NULL),(92,'东风本田',74,'2012-05-14 12:44:17',NULL),(93,'广汽本田',74,'2012-05-14 12:44:17',NULL),(94,'进口本田',74,'2012-05-14 12:44:17',NULL),(95,'广汽丰田',75,'2012-05-14 12:44:17',NULL),(96,'一汽丰田',75,'2012-05-14 12:44:17',NULL),(97,'进口丰田',75,'2012-05-14 12:44:17',NULL),(98,'光冈',76,'2012-05-14 12:44:17',NULL),(99,'昌河铃木',77,'2012-05-14 12:44:17',NULL),(100,'长安铃木',77,'2012-05-14 12:44:17',NULL),(101,'进口铃木',77,'2012-05-14 12:44:17',NULL),(102,'雷克萨斯',78,'2012-05-14 12:44:17',NULL),(103,'一汽马自达',79,'2012-05-14 12:44:17',NULL),(104,'进口马自达',79,'2012-05-14 12:44:17',NULL),(105,'长安马自达',79,'2012-05-14 12:44:17',NULL),(106,'进口讴歌',80,'2012-05-14 12:44:17',NULL),(107,'东风日产',81,'2012-05-14 12:44:17',NULL),(108,'进口日产',81,'2012-05-14 12:44:17',NULL),(109,'郑州日产',81,'2012-05-14 12:44:17',NULL),(110,'东南三菱',82,'2012-05-14 12:44:17',NULL),(111,'进口三菱',82,'2012-05-14 12:44:17',NULL),(112,'斯巴鲁',83,'2012-05-14 12:44:17',NULL),(113,'英菲尼迪',84,'2012-05-14 12:44:17',NULL),(114,'东风悦达起亚',85,'2012-05-14 12:44:17',NULL),(115,'进口起亚',85,'2012-05-14 12:44:17',NULL),(116,'双龙',86,'2012-05-14 12:44:17',NULL),(117,'北京现代',87,'2012-05-14 12:44:17',NULL),(118,'进口现代',87,'2012-05-14 12:44:17',NULL),(119,'东风标致',88,'2012-05-14 12:44:17',NULL),(120,'进口标致',88,'2012-05-14 12:44:17',NULL),(121,'雷诺',89,'2012-05-14 12:44:17',NULL),(122,'东风雪铁龙',90,'2012-05-14 12:44:17',NULL),(123,'雪铁龙',90,'2012-05-14 12:44:17',NULL),(124,'阿斯顿马丁',91,'2012-05-14 12:44:17',NULL),(125,'宾利',92,'2012-05-14 12:44:17',NULL),(126,'捷豹',93,'2012-05-14 12:44:17',NULL),(127,'劳斯莱斯',94,'2012-05-14 12:44:17',NULL),(128,'路虎',95,'2012-05-14 12:44:17',NULL),(129,'路特斯',96,'2012-05-14 12:44:17',NULL),(130,'MINI',97,'2012-05-14 12:44:17',NULL),(131,'阿尔法罗米欧',98,'2012-05-14 12:44:17',NULL),(132,'布嘉迪',99,'2012-05-14 12:44:17',NULL),(133,'法拉利',100,'2012-05-14 12:44:17',NULL),(134,'南京菲亚特',101,'2012-05-14 12:44:17',NULL),(135,'进口菲亚特',101,'2012-05-14 12:44:17',NULL),(136,'兰博基尼',102,'2012-05-14 12:44:17',NULL),(137,'玛莎拉蒂',103,'2012-05-14 12:44:17',NULL),(138,'柯尼赛格',104,'2012-05-14 12:44:17',NULL),(139,'帕加尼',105,'2012-05-14 12:44:17',NULL),(140,'萨博',106,'2012-05-14 12:44:17',NULL),(141,'进口沃尔沃',107,'2012-05-14 12:44:17',NULL),(142,'长安沃尔沃',107,'2012-05-14 12:44:17',NULL),(143,'莲花汽车',108,'2012-05-14 12:44:17',NULL),(144,'上海大众斯柯达',109,'2012-05-14 12:44:17',NULL),(145,'世爵',110,'2012-05-14 12:44:17',NULL),(146,'进口西雅特',111,'2012-05-14 12:44:17',NULL);
/*!40000 ALTER TABLE `carshome_brand_model` ENABLE KEYS */;
UNLOCK TABLES;

--
-- Table structure for table `carshome_brand_model_car`
--

DROP TABLE IF EXISTS `carshome_brand_model_car`;
SET @saved_cs_client     = @@character_set_client;
SET character_set_client = utf8;
CREATE TABLE `carshome_brand_model_car` (
  `ID` int(11) NOT NULL auto_increment,
  `CAR_ICON_PATH` varchar(255) default NULL,
  `MODEL_CAR_NAME` varchar(255) default NULL,
  `MAX_PRICE` double(10,2) default NULL,
  `MIN_PRICE` double(10,2) default NULL,
  `BRAND_MODEL_ID` int(11) default NULL,
  `CREATE_TIME` datetime default NULL,
  `UPDATE_TIME` datetime default NULL,
  PRIMARY KEY  (`ID`),
  KEY `FKA40C1945A7C9D3A6` (`BRAND_MODEL_ID`)
) ENGINE=MyISAM AUTO_INCREMENT=738 DEFAULT CHARSET=gbk;
SET character_set_client = @saved_cs_client;

--
-- Dumping data for table `carshome_brand_model_car`
--

LOCK TABLES `carshome_brand_model_car` WRITE;
/*!40000 ALTER TABLE `carshome_brand_model_car` DISABLE KEYS */;
INSERT INTO `carshome_brand_model_car` VALUES (2,'201205110432019gl8.jpg','GL8test',0.00,0.00,57,'2012-05-14 12:44:31',NULL),(3,'201205110435020junwei.jpg','君威',33.80,17.58,57,'2012-05-14 12:44:31',NULL),(4,'201205110439043junyue.jpg','君越',32.98,20.98,57,'2012-05-14 12:44:31',NULL),(5,'201205110440049kaiyue.jpg','凯越',15.38,9.99,57,'2012-05-14 12:44:31',NULL),(6,'201205110444038bigroad.jpg','林荫大道',49.88,30.89,57,'2012-05-14 12:44:31',NULL),(7,'201205110445016rongyu.jpg','荣御',49.80,36.80,57,'2012-05-14 12:44:31',NULL),(8,'201205110445051xt.jpg','英朗XT',18.69,12.99,57,'2012-05-14 12:44:31',NULL),(9,'201205110446018gt.jpg','英朗GT',18.97,13.27,57,'2012-05-14 12:44:31',NULL),(10,'201205110446055angkelei.jpg','昂科雷',59.90,51.90,58,'2012-05-14 12:44:31',NULL),(11,'201205110449021encroe.jpg','Encore',0.00,0.00,58,'2012-05-14 12:44:31',NULL),(12,'201205110808015e6.jpg','e6',36.98,36.98,5,'2012-05-14 12:44:31',NULL),(13,'201205110809005G6.jpg','G6',11.58,7.98,5,'2012-05-14 12:44:31',NULL),(14,'201205110809055S6.jpg','S6',13.09,8.99,5,'2012-05-14 12:44:31',NULL),(15,'201205110810023L3.jpg','L3',11.88,5.99,5,'2012-05-14 12:44:31',NULL),(16,'201205110810053G3.jpg','G3',10.99,5.99,5,'2012-05-14 12:44:31',NULL),(17,'201205110811020M6.jpg','M6',23.98,13.98,5,'2012-05-14 12:44:31',NULL),(18,'201205110811044F0.jpg','F0',4.89,3.69,5,'2012-05-14 12:44:31',NULL),(19,'201205110812011S8.jpg','S8',20.68,16.58,5,'2012-05-14 12:44:31',NULL),(20,'201205110812038F6.jpg','F6',15.98,7.98,5,'2012-05-14 12:44:31',NULL),(21,'201205110813011F3.jpg','F3',16.98,5.28,5,'2012-05-14 12:44:31',NULL),(22,'201205110817001B40.jpg','北汽B40',0.00,0.00,6,'2012-05-14 12:44:31',NULL),(23,'201205110817024E.jpg','E系列',8.68,5.38,6,'2012-05-14 12:44:31',NULL),(24,'201205110818014306.jpg','北汽威旺306',4.58,3.68,7,'2012-05-14 12:44:31',NULL),(25,'201205110818055007.jpg','域胜007',12.28,8.98,8,'2012-05-14 12:44:31',NULL),(26,'201205110819023zhanqi.jpg','战旗',5.98,5.73,8,'2012-05-14 12:44:31',NULL),(27,'201205110819055qishi.jpg','北汽骑士',10.78,7.88,8,'2012-05-14 12:44:31',NULL),(28,'201205110820020luba.jpg','陆霸',23.30,16.65,8,'2012-05-14 12:44:31',NULL),(29,'201205110820045yongshi.jpg','勇士',21.80,19.30,8,'2012-05-14 12:44:31',NULL),(30,'201205110821021B50.jpg','B50',12.58,9.28,9,'2012-05-14 12:44:31',NULL),(31,'201205110821043B70.jpg','B70',20.88,12.98,9,'2012-05-14 12:44:31',NULL),(32,'201205110822038630.jpg','宝骏630',8.58,6.28,10,'2012-05-14 12:44:31',NULL),(33,'201205110823027furuida.jpg','福瑞达',3.99,2.99,11,'2012-05-14 12:44:31',NULL),(34,'201205110824007Aplus.jpg','爱迪尔A+',5.26,3.49,11,'2012-05-14 12:44:31',NULL),(35,'201205110824048V3.jpg','悦翔V3',0.00,0.00,12,'2012-05-14 12:44:31',NULL),(36,'201205110825025yidong.jpg','逸动',9.49,7.39,12,'2012-05-14 12:44:31',NULL),(37,'201205110825048CX20.jpg','CX20',7.09,4.99,12,'2012-05-14 12:44:31',NULL),(38,'201205110826014love.jpg','奔奔LOVE',5.89,3.89,12,'2012-05-14 12:44:31',NULL),(39,'201205110826038mimi.jpg','奔奔MINI',4.89,2.99,12,'2012-05-14 12:44:31',NULL),(40,'201205110827012yuexiang.jpg','悦翔',7.29,5.39,12,'2012-05-14 12:44:31',NULL),(41,'201205110827034zhixiang.jpg','志翔',11.58,7.98,12,'2012-05-14 12:44:31',NULL),(42,'201205110828002cx30.jpg','CX30',10.68,6.38,12,'2012-05-14 12:44:31',NULL),(43,'201205110828040jieyun.jpg','杰勋',14.98,10.48,12,'2012-05-14 12:44:31',NULL),(44,'201205110829005benbeni.jpg','奔奔i',5.88,3.69,12,'2012-05-14 12:44:31',NULL),(46,'201205110831007M4.jpg','哈弗M4',0.00,0.00,13,'2012-05-14 12:44:31',NULL),(47,'201205110831044C20R.jpg','腾翼C20R',7.29,6.29,13,'2012-05-14 12:44:31',NULL),(48,'201205110832011C50.jpg','腾翼C50',9.18,7.80,13,'2012-05-14 12:44:31',NULL),(49,'201205110832048C30.jpg','腾翼C30',8.35,5.89,13,'2012-05-14 12:44:31',NULL),(50,'201205110833010fengjun.jpg','风骏',12.48,6.68,13,'2012-05-14 12:44:31',NULL),(51,'201205110833039H5.jpg','哈弗H5',17.08,9.28,13,'2012-05-14 12:44:31',NULL),(52,'201205110834009H3.jpg','哈弗H3',15.88,8.98,13,'2012-05-14 12:44:31',NULL),(53,'201205110834034M2.jpg','哈弗M2',8.99,6.59,13,'2012-05-14 12:44:31',NULL),(54,'201205110835007H6.jpg','哈弗H6',14.18,9.58,13,'2012-05-14 12:44:31',NULL),(55,'201205110835037M1.jpg','哈弗M1',5.99,4.39,13,'2012-05-14 12:44:31',NULL),(56,'201205110836011lingao.jpg','凌傲',8.09,5.49,13,'2012-05-14 12:44:31',NULL),(57,'201205110836039xuanli.jpg','炫丽',7.89,5.39,13,'2012-05-14 12:44:31',NULL),(58,'201205110837016saiying.jpg','赛影',10.98,6.48,13,'2012-05-14 12:44:31',NULL),(59,'201205110837054saifu.jpg','赛弗',9.96,7.48,13,'2012-05-14 12:44:31',NULL),(60,'201205110838030coolberr.jpg','酷熊',8.79,6.39,13,'2012-05-14 12:44:31',NULL),(61,'201205110839004jinling.jpg','精灵',5.39,3.69,13,'2012-05-14 12:44:31',NULL),(62,'201205110839037v80.jpg','腾翼V80',14.18,6.98,13,'2012-05-14 12:44:31',NULL),(63,'201205110840037ouluo.jpg','欧诺',6.09,4.49,14,'2012-05-14 12:44:31',NULL),(64,'201205110841015twice2.jpg','长安之星2',0.00,0.00,14,'2012-05-14 12:44:31',NULL),(65,'2012051108410354500.jpg','长安星光4500',0.00,0.00,14,'2012-05-14 12:44:31',NULL),(66,'201205110841052S460.jpg','长安之星S460',0.00,0.00,14,'2012-05-14 12:44:31',NULL),(67,'201205110842023goldenstar.jpg','金牛星',5.19,4.59,14,'2012-05-14 12:44:31',NULL),(68,'201205110844001black.jpg','猎豹黑金刚',17.98,14.68,15,'2012-05-14 12:44:31',NULL),(69,'201205110844029solider.jpg','猎豹奇兵',12.48,9.98,15,'2012-05-14 12:44:31',NULL),(70,'201205110844051CS7.jpg','猎豹CS7',0.00,0.00,15,'2012-05-14 12:44:31',NULL),(71,'201205110845022fly.jpg','猎豹飞腾',13.98,7.98,15,'2012-05-14 12:44:31',NULL),(72,'201205110845045qiling.jpg','骐菱',8.68,6.98,15,'2012-05-14 12:44:31',NULL),(73,'201205110846014CS6.jpg','猎豹CS6',22.68,14.68,15,'2012-05-14 12:44:31',NULL),(74,'201205110846042paluojie.jpg','帕杰罗',48.60,29.80,15,'2012-05-14 12:44:31',NULL),(75,'201205110847056F12.jpg','野马F12',6.98,5.88,16,'2012-05-14 12:44:31',NULL),(76,'201205110848024F10.jpg','野马F10',5.98,5.48,16,'2012-05-14 12:44:31',NULL),(77,'201205110848052F99.jpg','野马F99',7.08,5.98,16,'2012-05-14 12:44:31',NULL),(78,'201205110850017jingyi.jpg','景逸',14.58,5.99,17,'2012-05-14 12:44:31',NULL),(79,'201205110850047lingzhi.jpg','菱智',18.68,5.68,17,'2012-05-14 12:44:31',NULL),(80,'201205110851018SUV.jpg','景逸SUV',9.89,8.09,17,'2012-05-14 12:44:31',NULL),(81,'201205110851047hanma.jpg','汗马',90.00,88.00,18,'2012-05-14 12:44:31',NULL),(82,'201205110852032aoding.jpg','奥丁',17.98,11.98,19,'2012-05-14 12:44:31',NULL),(83,'201205110852059yuxuan.jpg','御轩',19.28,12.98,19,'2012-05-14 12:44:31',NULL),(84,'201205110853040shuaike.jpg','帅客',11.58,6.58,19,'2012-05-14 12:44:31',NULL),(85,'201205110854009ruiqi.jpg','锐骐',13.98,7.98,19,'2012-05-14 12:44:31',NULL),(86,'201205110854044xiaokang.jpg','东风小康',0.00,0.00,20,'2012-05-14 12:44:31',NULL),(87,'201205110855020A60.jpg','风神A60',13.98,11.88,21,'2012-05-14 12:44:31',NULL),(88,'201205110855042H30.jpg','风神H30',9.98,6.98,21,'2012-05-14 12:44:31',NULL),(89,'201205110856007S30.jpg','风神S30',9.98,6.98,21,'2012-05-14 12:44:31',NULL),(90,'201205110857003xiwang.jpg','希旺',4.98,3.68,22,'2012-05-14 12:44:31',NULL),(91,'201205110857034V3.jpg','V3菱悦',8.89,5.78,22,'2012-05-14 12:44:31',NULL),(92,'201205110858008delika.jpg','得利卡',19.98,7.98,22,'2012-05-14 12:44:31',NULL),(93,'201205110858032lingshuai.jpg','菱帅',13.38,7.89,22,'2012-05-14 12:44:31',NULL),(94,'201205110858055lingshen.jpg','菱绅',21.78,15.98,22,'2012-05-14 12:44:31',NULL),(95,'201205110859037EC8.jpg','EC8系',15.98,10.58,23,'2012-05-14 12:44:31',NULL),(97,'201205110901046ec7new.jpg','EC7系',11.18,6.98,23,'2012-05-14 12:44:31',NULL),(98,'201205110903042V80.jpg','大通V80',23.58,14.58,24,'2012-05-14 12:44:31',NULL),(99,'201205110904028kaituozhe.jpg','拓陆者',0.00,0.00,25,'2012-05-14 12:44:31',NULL),(100,'201205110905018mid.jpg','迷迪',8.68,6.68,25,'2012-05-14 12:44:31',NULL),(101,'201205110905042MP-x.jpg','蒙派克MP-X',16.66,9.78,25,'2012-05-14 12:44:31',NULL),(102,'201205110906049GS5.jpg','传祺GS5',22.98,12.38,26,'2012-05-14 12:44:31',NULL),(103,'201205110907021chuanqi.jpg','传祺',18.98,10.98,26,'2012-05-14 12:44:31',NULL),(104,'201205110908016aishang.jpg','爱尚',4.58,3.58,27,'2012-05-14 12:44:31',NULL),(105,'201205110908049wangzi.jpg','海马王子',4.38,2.98,27,'2012-05-14 12:44:31',NULL),(106,'201205110909021fushida.jpg','福仕达',4.38,3.38,27,'2012-05-14 12:44:31',NULL),(107,'201205110910028qishi.jpg','海马骑士',15.28,11.38,27,'2012-05-14 12:44:31',NULL),(108,'201205110911036bulima.jpg','普力马',17.56,7.98,27,'2012-05-14 12:44:31',NULL),(109,'201205110912003qiubite.jpg','丘比特',7.19,5.39,27,'2012-05-14 12:44:31',NULL),(110,'201205110913007baolige.jpg','宝利格',22.97,13.97,28,'2012-05-14 12:44:31',NULL),(111,'201205110913031B11.jpg','B11',17.67,11.97,28,'2012-05-14 12:44:31',NULL),(112,'201205110913057telaka.jpg','特拉卡',27.98,11.98,28,'2012-05-14 12:44:31',NULL),(113,'201205110914030shengkafei.jpg','圣达菲',21.98,7.97,28,'2012-05-14 12:44:31',NULL),(114,'201205110915059junyi.jpg','骏意',4.48,4.13,29,'2012-05-14 12:44:31',NULL),(115,'201205110916044luzuwang.jpg','路尊大霸王',6.08,5.09,29,'2012-05-14 12:44:31',NULL),(116,'201205110917012xiaobawang.jpg','路尊小霸王',3.78,2.98,29,'2012-05-14 12:44:31',NULL),(117,'201205110917034mingyi.jpg','民意',3.30,2.75,29,'2012-05-14 12:44:31',NULL),(118,'201205110918003saima.jpg','赛马',7.38,5.48,29,'2012-05-14 12:44:31',NULL),(119,'201205110918025V.jpg','赛豹V',9.98,8.38,29,'2012-05-14 12:44:31',NULL),(120,'201205110918045III.jpg','赛豹III',8.58,6.40,29,'2012-05-14 12:44:31',NULL),(121,'201205110919018n.jpg','路宝节油π',5.28,3.69,29,'2012-05-14 12:44:31',NULL),(122,'201205110920006V3.jpg','旗胜V3',11.98,10.58,30,'2012-05-14 12:44:31',NULL),(123,'201205110920032SUV.jpg','挑战者SUV',7.98,6.78,30,'2012-05-14 12:44:31',NULL),(124,'201205110920054CUV.jpg','翱龙CUV',12.38,8.58,30,'2012-05-14 12:44:31',NULL),(125,'201205110921019qisheng.jpg','旗胜',12.78,9.38,30,'2012-05-14 12:44:31',NULL),(126,'201205110922023shengshi.jpg','盛世',68.88,34.98,31,'2012-05-14 12:44:31',NULL),(127,'201205121123044II.jpg','瑞风II',18.18,15.98,32,'2012-05-14 12:44:31',NULL),(128,'201205121124013RS.jpg','和悦RS',9.88,6.28,32,'2012-05-14 12:44:31',NULL),(129,'201205121124040heyue.jpg','和悦',9.38,6.18,32,'2012-05-14 12:44:31',NULL),(130,'201205121125001yueyue.jpg','悦悦',5.68,4.08,32,'2012-05-14 12:44:31',NULL),(131,'201205121125026tongyue.jpg','同悦',6.38,4.88,32,'2012-05-14 12:44:31',NULL),(132,'201205121125048ruiying.jpg','瑞鹰',15.18,7.98,32,'2012-05-14 12:44:31',NULL),(133,'201205121126012bingyue.jpg','宾悦',14.97,8.88,32,'2012-05-14 12:44:31',NULL),(134,'201205121126038ruifeng.jpg','瑞风',17.48,9.99,32,'2012-05-14 12:44:31',NULL),(135,'201205121127038G5.jpg','奥轩G5',13.08,9.68,33,'2012-05-14 12:44:31',NULL),(136,'201205121128011G3.jpg','奥轩G3',14.38,8.98,33,'2012-05-14 12:44:31',NULL),(137,'201205121128041kairui.jpg','凯睿',10.58,8.58,33,'2012-05-14 12:44:31',NULL),(138,'201205121129004shuaijian.jpg','帅舰',8.58,7.08,33,'2012-05-14 12:44:31',NULL),(139,'201205121130013chineselong.jpg','中国龙',8.88,8.68,34,'2012-05-14 12:44:31',NULL),(140,'201205121130047youliou.jpg','优利欧',5.00,3.50,34,'2012-05-14 12:44:31',NULL),(141,'201205121131009meiri.jpg','美日',4.10,3.20,34,'2012-05-14 12:44:31',NULL),(142,'201205121131033meirenbao.jpg','美人豹',12.99,6.98,34,'2012-05-14 12:44:31',NULL),(143,'201205121132002haoqing.jpg','豪情',4.80,2.98,34,'2012-05-14 12:44:31',NULL),(144,'201205121133015S50.jpg','金杯S50',13.28,8.83,35,'2012-05-14 12:44:31',NULL),(145,'201205121133038sea.jpg','大海狮',0.00,0.00,35,'2012-05-14 12:44:31',NULL),(146,'201205121134010gesi.jpg','阁瑞斯',24.98,9.98,35,'2012-05-14 12:44:31',NULL),(147,'201205121135025lusheng.jpg','驭胜',18.68,13.88,36,'2012-05-14 12:44:31',NULL),(148,'201205121136028youjin.jpg','优劲',3.28,3.18,37,'2012-05-14 12:44:31',NULL),(149,'201205121137000yousheng.jpg','优胜',3.38,3.28,37,'2012-05-14 12:44:31',NULL),(150,'201205121138013youyou.jpg','优优',5.39,3.69,37,'2012-05-14 12:44:31',NULL),(151,'201205121138044youpai.jpg','优派',4.28,3.48,37,'2012-05-14 12:44:31',NULL),(152,'201205121139032youya.jpg','优雅',6.18,5.38,37,'2012-05-14 12:44:31',NULL),(155,'201205121239059X60.jpg','X60',8.50,7.00,38,'2012-05-14 12:44:31',NULL),(154,'201205121140050youyi.jpg','优翼',6.08,5.58,37,'2012-05-14 12:44:31',NULL),(156,'201205121240054320.jpg','力帆320',5.49,3.65,38,'2012-05-14 12:44:31',NULL),(157,'201205121242029620.jpg','620',8.48,4.59,38,'2012-05-14 12:44:31',NULL),(158,'201205121243056520.jpg','520',7.88,3.99,38,'2012-05-14 12:44:31',NULL),(159,'201205121245058X8.jpg','陆风X8',18.18,10.00,39,'2012-05-14 12:44:31',NULL),(160,'201205121246021X9.jpg','陆风X9',16.28,10.85,39,'2012-05-14 12:44:31',NULL),(161,'201205121246045fenghua.jpg','风华',6.23,5.58,39,'2012-05-14 12:44:31',NULL),(162,'201205121247005fengshang.jpg','风尚',10.93,6.98,39,'2012-05-14 12:44:31',NULL),(163,'201205121247029X6.jpg','陆风X6',15.16,9.00,39,'2012-05-14 12:44:31',NULL),(164,'201205121249048MG5.jpg','MG5',12.87,8.77,40,'2012-05-14 12:44:31',NULL),(165,'201205121250010MG3.jpg','MG3',10.37,6.97,40,'2012-05-14 12:44:31',NULL),(166,'201205121250035MG6.jpg','MG6',19.28,12.68,40,'2012-05-14 12:44:31',NULL),(167,'2012051212510043SW.jpg','3SW',10.98,7.98,40,'2012-05-14 12:44:31',NULL),(168,'201205121251054TF.jpg','TF',26.58,24.96,40,'2012-05-14 12:44:31',NULL),(169,'201205121252033MG7.jpg','7系',30.28,15.68,40,'2012-05-14 12:44:31',NULL),(170,'201205121253034CEO.jpg','大7 CEO',0.00,0.00,41,'2012-05-14 12:44:31',NULL),(171,'201205121254003SUV.jpg','大7 SUV',26.80,18.80,41,'2012-05-14 12:44:31',NULL),(172,'201205121255054oulang.jpg','欧朗',8.98,6.28,42,'2012-05-14 12:44:31',NULL),(173,'201205121257017E5.jpg','奇瑞E5',8.18,5.98,43,'2012-05-14 12:44:31',NULL),(174,'2012051212570545.jpg','旗云5',10.18,7.58,43,'2012-05-14 12:44:31',NULL),(175,'2012051212580252.jpg','风云2',6.18,5.18,43,'2012-05-14 12:44:31',NULL),(176,'2012051212580481.jpg','旗云1',5.49,3.88,43,'2012-05-14 12:44:31',NULL),(177,'201205121259017me.jpg','QQme',6.90,5.50,43,'2012-05-14 12:44:31',NULL),(178,'2012051201000003.jpg','旗云3',9.38,5.78,43,'2012-05-14 12:44:31',NULL),(179,'201205120100031ruihu.jpg','瑞虎',13.98,8.48,43,'2012-05-14 12:44:31',NULL),(180,'201205120100059qiyun2.jpg','旗云2',9.58,4.78,43,'2012-05-14 12:44:31',NULL),(181,'201205120101027cross.jpg','东方之子Cross',15.98,10.48,43,'2012-05-14 12:44:31',NULL),(182,'201205120101052dongfang.jpg','东方之子',20.18,8.18,43,'2012-05-14 12:44:31',NULL),(183,'201205120102022qq6.jpg','QQ6',5.48,3.98,43,'2012-05-14 12:44:31',NULL),(184,'201205120102044qq3.jpg','QQ3',5.28,2.98,43,'2012-05-14 12:44:31',NULL),(185,'201205120103009A5.jpg','A5',10.58,5.58,43,'2012-05-14 12:44:31',NULL),(186,'201205120103035A3.jpg','A3',10.28,7.48,43,'2012-05-14 12:44:31',NULL),(187,'201205120104000A1.jpg','A1',5.98,3.68,43,'2012-05-14 12:44:31',NULL),(188,'201205120104050GX7.jpg','GX7',12.99,9.29,44,'2012-05-14 12:44:31',NULL),(189,'201205120106016GC7.jpg','GC7',8.99,6.19,44,'2012-05-14 12:44:31',NULL),(190,'201205120106038GX2.jpg','GX2',6.58,5.18,44,'2012-05-14 12:44:31',NULL),(191,'201205120107005pander.jpg','熊猫',6.98,3.78,44,'2012-05-14 12:44:31',NULL),(192,'201205120107031ship.jpg','新自由舰',5.58,3.38,44,'2012-05-14 12:44:31',NULL),(193,'201205120108000view.jpg','新远景',10.38,5.09,44,'2012-05-14 12:44:31',NULL),(194,'201205120109001950.jpg','荣威950',31.99,18.89,45,'2012-05-14 12:44:31',NULL),(195,'201205120109031w5.jpg','荣威W5',29.88,17.18,45,'2012-05-14 12:44:31',NULL),(196,'201205120109056550.jpg','荣威550',18.98,12.48,45,'2012-05-14 12:44:31',NULL),(197,'201205120110020750.jpg','荣威750',27.68,16.28,45,'2012-05-14 12:44:31',NULL),(198,'201205120110049350.jpg','荣威350',12.47,8.88,45,'2012-05-14 12:44:31',NULL),(199,'201205120113022G2.jpg','瑞麒G2',0.00,0.00,46,'2012-05-14 12:44:31',NULL),(200,'201205120113049M5.jpg','瑞麒M5',6.28,4.88,46,'2012-05-14 12:44:31',NULL),(201,'201205120114026G3.jpg','瑞麒G3',9.68,6.98,46,'2012-05-14 12:44:31',NULL),(202,'201205120115006X1.jpg','瑞麒X1',6.68,5.28,46,'2012-05-14 12:44:31',NULL),(203,'201205120115053G6.jpg','瑞麒G6',25.98,18.98,46,'2012-05-14 12:44:31',NULL),(204,'201205120117010G5.jpg','瑞麒G5',17.98,9.98,46,'2012-05-14 12:44:31',NULL),(205,'201205120117050M1.jpg','瑞麒M1',6.68,3.88,46,'2012-05-14 12:44:31',NULL),(206,'201205120119020little.jpg','小贵族',5.19,3.69,47,'2012-05-14 12:44:31',NULL),(207,'201205120120043SCE0.jpg','SCEO',15.88,10.98,47,'2012-05-14 12:44:31',NULL),(208,'201205120121045H3.jpg','威麟H3',14.98,14.98,48,'2012-05-14 12:44:31',NULL),(209,'201205120122028V8.jpg','威麟V8',0.00,0.00,48,'2012-05-14 12:44:31',NULL),(210,'201205120123002H5.jpg','威麟H5',21.38,16.98,48,'2012-05-14 12:44:31',NULL),(211,'201205120123027X5.jpg','威麟X5',14.18,10.98,48,'2012-05-14 12:44:31',NULL),(212,'201205120123049V5.jpg','威麟V5',13.78,8.58,48,'2012-05-14 12:44:31',NULL),(213,'201205120125007hongguang.jpg','五菱宏光',6.08,4.48,49,'2012-05-14 12:44:31',NULL),(214,'201205120125028zhiguang.jpg','五菱之光',4.50,3.83,49,'2012-05-14 12:44:31',NULL),(215,'201205120125046rongguang.jpg','五菱荣光',4.68,4.18,49,'2012-05-14 12:44:31',NULL),(216,'201205120128030V2.jpg','威志V2',5.89,4.69,50,'2012-05-14 12:44:31',NULL),(217,'201205120129007weizi.jpg','威姿',8.98,6.38,50,'2012-05-14 12:44:31',NULL),(218,'201205120130009weizhi.jpg','威志',6.88,5.28,50,'2012-05-14 12:44:31',NULL),(219,'201205120131001weile.jpg','威乐',7.68,6.48,50,'2012-05-14 12:44:31',NULL),(220,'201205120131031xiali.jpg','夏利',4.98,2.88,50,'2012-05-14 12:44:31',NULL),(221,'201205120131058N5.jpg','夏利N5',5.09,4.39,50,'2012-05-14 12:44:31',NULL),(222,'201205120133038S80.jpg','森雅S80',8.95,6.79,51,'2012-05-14 12:44:31',NULL),(223,'201205120134004V70.jpg','佳宝V70',4.85,3.59,51,'2012-05-14 12:44:31',NULL),(224,'201205120134032M80.jpg','森雅M80',8.15,5.49,51,'2012-05-14 12:44:31',NULL),(225,'2012051201350372.jpg','金刚2代',6.78,5.28,52,'2012-05-14 12:44:31',NULL),(226,'201205120136008SC5RV.jpg','SC5-RV',5.63,5.23,52,'2012-05-14 12:44:31',NULL),(227,'201205120136031sc7.jpg','SC7',10.18,5.59,52,'2012-05-14 12:44:31',NULL),(228,'201205120136056tx4.jpg','TX4',22.80,20.80,52,'2012-05-14 12:44:31',NULL),(229,'201205120137059cross.jpg','金鹰CROSS',6.58,4.58,52,'2012-05-14 12:44:31',NULL),(230,'201205120139013jingang.jpg','金刚',7.28,4.58,52,'2012-05-14 12:44:31',NULL),(231,'201205120140031A380.jpg','永源A380',9.97,7.58,53,'2012-05-14 12:44:31',NULL),(232,'201205120140056UFO.jpg','飞碟UFO',9.18,7.68,53,'2012-05-14 12:44:31',NULL),(233,'201205120141055V5.jpg','V5',12.98,10.98,54,'2012-05-14 12:44:31',NULL),(234,'201205120142022H530.jpg','H530',10.38,8.58,54,'2012-05-14 12:44:31',NULL),(235,'201205120142045FSV.jpg','骏捷FSV',9.78,6.58,54,'2012-05-14 12:44:31',NULL),(236,'201205120143007Cross.jpg','骏捷Cross',10.98,7.68,54,'2012-05-14 12:44:31',NULL),(237,'201205120143030zunchi.jpg','尊驰',25.28,10.58,54,'2012-05-14 12:44:31',NULL),(238,'201205120143059kubao.jpg','中华酷宝',18.28,12.89,54,'2012-05-14 12:44:31',NULL),(239,'201205120144022FRV.jpg','骏捷FRV',8.53,5.58,54,'2012-05-14 12:44:31',NULL),(240,'201205120144045junjie.jpg','骏捷',16.28,7.58,54,'2012-05-14 12:44:31',NULL),(241,'201205120145041z300.jpg','Z300',0.00,0.00,55,'2012-05-14 12:44:31',NULL),(242,'201205120145056V10.jpg','V10',0.00,0.00,55,'2012-05-14 12:44:31',NULL),(243,'201205120146020TT.jpg','江南TT',2.58,2.08,55,'2012-05-14 12:44:31',NULL),(244,'201205120146041Z200.jpg','Z200',6.86,4.36,55,'2012-05-14 12:44:31',NULL),(245,'201205120147002Z200HB.jpg','Z200HB',7.66,4.96,55,'2012-05-14 12:44:31',NULL),(246,'201205120147026M300.jpg','M300',13.88,6.98,55,'2012-05-14 12:44:31',NULL),(247,'2012051201470505008.jpg','众泰5008',7.48,5.59,55,'2012-05-14 12:44:31',NULL),(248,'2012051201500192008.jpg','众泰2008',6.38,4.38,55,'2012-05-14 12:44:31',NULL),(249,'201205120150059weihu.jpg','威虎',11.08,7.98,56,'2012-05-14 12:44:31',NULL),(250,'201205120151022A9.jpg','旗舰A9',5.99,5.39,56,'2012-05-14 12:44:31',NULL),(251,'201205120151054pika.jpg','长铃皮卡',6.79,6.39,56,'2012-05-14 12:44:31',NULL),(252,'201205120152024V7.jpg','无限V7',8.38,7.98,56,'2012-05-14 12:44:31',NULL),(253,'201205120153002V5.jpg','无限V5',14.83,9.98,56,'2012-05-14 12:44:31',NULL),(254,'201205120153037V3.jpg','无限V3',13.78,9.98,56,'2012-05-14 12:44:31',NULL),(255,'201205160404049kailing.jpg','凯领',33.90,23.90,59,'2012-05-16 16:04:49',NULL),(256,'201205160405029kuwei.jpg','酷威',29.99,29.99,60,'2012-05-16 16:05:29',NULL),(257,'201205160406032kubo.jpg','酷搏',21.99,19.99,60,'2012-05-16 16:06:32',NULL),(258,'201205160412046fengzhe.jpg','锋哲',24.80,22.80,60,'2012-05-16 16:12:46',NULL),(259,'201205160414029mks.jpg','麦柯斯',24.58,19.48,61,'2012-05-16 16:14:29',NULL),(260,'201205160415004jindian.jpg','经典福克斯',16.58,9.98,61,'2012-05-16 16:15:04',NULL),(261,'201205160415036mengdiou.jpg','蒙迪欧',25.68,16.98,61,'2012-05-16 16:15:36',NULL),(262,'201205160417011jianianhua.jpg','嘉年华',11.29,7.89,61,'2012-05-16 16:17:11',NULL),(263,'201205160417038fukesi.jpg','福克斯',16.99,11.99,61,'2012-05-16 16:17:38',NULL),(264,'201205160418002yema.jpg','野马',0.00,0.00,62,'2012-05-16 16:18:02',NULL),(265,'201205160418026yihu.jpg','翼虎',27.80,27.80,62,'2012-05-16 16:18:26',NULL),(266,'201205160418053kuga.jpg','KUGA',0.00,0.00,62,'2012-05-16 16:18:53',NULL),(267,'201205160419024ruijie.jpg','锐界',42.98,36.98,62,'2012-05-16 16:19:24',NULL),(268,'201205160420025explore.jpg','Explorer探索者',83.80,78.80,62,'2012-05-16 16:20:25',NULL),(269,'201205160422027H3.jpg','H3',85.00,78.00,63,'2012-05-16 16:22:27',NULL),(270,'201205160422043H2.jpg','H2',128.00,118.00,63,'2012-05-16 16:22:43',NULL),(271,'201205160423026free.jpg','自由客',27.89,23.89,64,'2012-05-16 16:23:26',NULL),(272,'201205160423053guidence.jpg','指南者',28.99,22.19,64,'2012-05-16 16:23:53',NULL),(273,'201205160424016commander.jpg','指挥官',64.99,61.99,64,'2012-05-16 16:24:16',NULL),(274,'201205160424046momaren.jpg','牧马人',55.00,41.89,64,'2012-05-16 16:24:46',NULL),(275,'201205160425007qieluosij.jpg','大切诺基',119.99,42.19,64,'2012-05-16 16:25:07',NULL),(276,'201205160426013sls.jpg','SLS赛威',82.80,38.88,65,'2012-05-16 16:26:13',NULL),(277,'201205160426042ats.jpg','ATS',0.00,0.00,66,'2012-05-16 16:26:42',NULL),(278,'201205160426055xts.jpg','XTS',0.00,0.00,66,'2012-05-16 16:26:55',NULL),(279,'201205160427015kaileide.jpg','凯雷德',139.80,108.00,66,'2012-05-16 16:27:15',NULL),(280,'201205160427033diwei.jpg','帝威',0.00,0.00,66,'2012-05-16 16:27:33',NULL),(281,'201205160427056xlr.jpg','XLR',152.00,128.00,66,'2012-05-16 16:27:56',NULL),(282,'201205160428022srx.jpg','SRX',89.00,42.98,66,'2012-05-16 16:28:22',NULL),(283,'201205160428046cts.jpg','CTS',110.00,35.80,66,'2012-05-16 16:28:46',NULL),(284,'201205160429036300c.jpg','300C',54.80,40.80,67,'2012-05-16 16:29:36',NULL),(285,'201205160430001PT.jpg','PT 漫步者',23.99,23.99,67,'2012-05-16 16:30:01',NULL),(286,'201205160430030dajielong.jpg','大捷龙',35.90,24.90,68,'2012-05-16 16:30:30',NULL),(287,'201205160431000borui.jpg','铂锐',22.70,18.20,69,'2012-05-16 16:31:00',NULL),(288,'201205160431053mks.jpg','MKS',0.00,0.00,70,'2012-05-16 16:31:53',NULL),(289,'201205160432005mkz.jpg','MKZ',0.00,0.00,70,'2012-05-16 16:32:05',NULL),(290,'201205160432014mkx.jpg','MKX',0.00,0.00,70,'2012-05-16 16:32:14',NULL),(291,'201205160432023mkt.jpg','MKT',0.00,0.00,70,'2012-05-16 16:32:23',NULL),(292,'201205160432042linghangyuan.jpg','领航员',70.00,70.00,70,'2012-05-16 16:32:42',NULL),(293,'201205160433003city.jpg','城市',138.00,75.00,70,'2012-05-16 16:33:03',NULL),(294,'201205160433052lechi2.jpg','乐驰',6.28,3.98,71,'2012-05-16 16:33:52',NULL),(295,'201205160434034jincheng.jpg','景程',17.39,10.88,72,'2012-05-16 16:34:34',NULL),(296,'201205160436054lechi.jpg','乐骋',10.39,6.99,72,'2012-05-16 16:36:54',NULL),(297,'201205160437041lefeng.jpg','乐风',10.79,7.39,72,'2012-05-16 16:37:41',NULL),(298,'201205160439044saiou.jpg','赛欧',9.88,5.68,72,'2012-05-16 16:39:44',NULL),(299,'201205160440010keluzi.jpg','科鲁兹',16.39,10.89,72,'2012-05-16 16:40:10',NULL),(300,'201205160444056maibaorui.jpg','迈锐宝',22.99,16.29,72,'2012-05-16 16:44:56',NULL),(301,'201205160445026aiweiou.jpg','爱唯欧',11.18,8.18,72,'2012-05-16 16:45:26',NULL),(302,'201205160446000kepaqi.jpg','科帕奇',26.38,21.98,72,'2012-05-16 16:46:00',NULL),(303,'201205160447026kepaqi.jpg','科帕奇',37.28,22.48,73,'2012-05-16 16:47:26',NULL),(304,'201205160448000kemailuo.jpg','科迈罗',47.58,45.58,73,'2012-05-16 16:48:00',NULL),(305,'201205160448024volt.jpg','Volt沃蓝达',49.80,49.80,73,'2012-05-16 16:48:24',NULL),(306,'201205160449006sipake.jpg','斯帕可',8.88,7.78,73,'2012-05-16 16:49:06',NULL),(307,'201205160451029a6l.jpg','奥迪A6L',85.63,34.72,74,'2012-05-16 16:51:29',NULL),(308,'201205160452004a4l.jpg','奥迪A4L',57.81,27.28,74,'2012-05-16 16:52:04',NULL),(309,'201205160452042q51.jpg','奥迪Q5',67.80,57.70,74,'2012-05-16 16:52:42',NULL),(310,'201205160453019a6.jpg','奥迪A6 Allroad',0.00,0.00,75,'2012-05-16 16:53:19',NULL),(311,'201205160453044a3.jpg','奥迪A3',32.80,25.50,75,'2012-05-16 16:53:44',NULL),(312,'201205160454012a5.jpg','奥迪A5',67.00,49.39,75,'2012-05-16 16:54:12',NULL),(313,'201205160454057q7.jpg','奥迪Q7',257.80,81.50,75,'2012-05-16 16:54:57',NULL),(314,'201205160457051r8.jpg','奥迪R8',262.80,232.80,75,'2012-05-16 16:57:51',NULL),(315,'201205160458012tt.jpg','奥迪TT',70.80,48.50,75,'2012-05-16 16:58:12',NULL),(316,'201205160458056q51.jpg','奥迪Q5',67.80,57.70,75,'2012-05-16 16:58:56',NULL),(317,'201205160459022a8l.jpg','奥迪A8L',291.90,85.80,75,'2012-05-16 16:59:22',NULL),(318,'201205160459047a1.jpg','奥迪A1',28.98,22.48,75,'2012-05-16 16:59:47',NULL),(319,'201205160500011a7.jpg','奥迪A7',95.80,72.80,75,'2012-05-16 17:00:11',NULL),(320,'201205160500045q3.jpg','奥迪Q3',0.00,0.00,75,'2012-05-16 17:00:45',NULL),(321,'201205160504048s5.jpg','奥迪S5',85.80,72.80,75,'2012-05-16 17:04:48',NULL),(322,'201205160505039s4.jpg','奥迪S4',0.00,0.00,75,'2012-05-16 17:05:39',NULL),(323,'201205160506024rs5.jpg','奥迪RS5',0.00,0.00,75,'2012-05-16 17:06:24',NULL),(324,'201205160508005rs4.jpg','奥迪RS4',0.00,0.00,75,'2012-05-16 17:08:05',NULL),(325,'201205160508022rs3.jpg','奥迪RS4',0.00,0.00,75,'2012-05-16 17:08:22',NULL),(326,'201205160508040s6.jpg','奥迪S6',0.00,0.00,75,'2012-05-16 17:08:40',NULL),(327,'201205160508052s7.jpg','奥迪S7',0.00,0.00,75,'2012-05-16 17:08:52',NULL),(328,'201205160509007s8.jpg','奥迪S8',0.00,0.00,75,'2012-05-16 17:09:07',NULL),(329,NULL,'奥迪TTS',0.00,0.00,75,'2012-05-16 17:09:26',NULL),(331,'20120516051202331.jpg','宝马3系',49.85,29.98,76,'2012-05-16 17:12:23',NULL),(332,'20120516051300951.jpg','宝马5系 ',79.76,42.86,76,'2012-05-16 17:13:09',NULL),(333,'201205160513047huachengX1.jpg','华晨宝马X1',49.80,28.20,76,'2012-05-16 17:13:47',NULL),(334,'2012051605150541.jpg','宝马1系',44.50,24.20,77,'2012-05-16 17:15:54',NULL),(335,'201205160517038jk3.jpg','宝马3系',79.80,39.10,77,'2012-05-16 17:17:38',NULL),(336,'2012051605180245.jpg','宝马5系',186.00,49.26,77,'2012-05-16 17:18:24',NULL),(337,'201205160519026jk6.jpg','宝马6系',203.90,112.80,77,'2012-05-16 17:19:26',NULL),(338,'201205160520046jk7.jpg','宝马7系',329.80,92.80,77,'2012-05-16 17:20:46',NULL),(339,'201205160521051x3.jpg','宝马X3',70.90,53.80,77,'2012-05-16 17:21:51',NULL),(340,'201205160522014x5.jpg','宝马X5',201.80,79.80,77,'2012-05-16 17:22:14',NULL),(341,'201205160522038z4.jpg','宝马Z4',83.80,53.80,77,'2012-05-16 17:22:38',NULL),(342,'201205160523011x6.jpg','宝马X6',219.00,97.00,77,'2012-05-16 17:23:11',NULL),(343,'201205160523035x1.jpg','宝马X1',56.50,36.70,77,'2012-05-16 17:23:35',NULL),(344,'201205160524021m5.jpg','宝马M5',185.80,185.80,78,'2012-05-16 17:24:21',NULL),(345,'2012051605260271m.jpg','宝马1系M',59.80,59.80,78,'2012-05-16 17:26:27',NULL),(346,'201205160542059m3.jpg','宝马M3',120.00,106.60,78,'2012-05-16 17:42:59',NULL),(347,'201205160543036m6.jpg','宝马M6',229.80,229.80,78,'2012-05-16 17:43:36',NULL),(348,'201205160603016E.jpg','北京奔驰E级',74.90,43.80,79,'2012-05-16 18:03:16',NULL),(349,'201205160604004C.jpg','奔驰C级 ',46.30,30.80,79,'2012-05-16 18:04:04',NULL),(350,'201205160605011GLK.jpg','北京奔驰GLK级',55.70,40.80,79,'2012-05-16 18:05:11',NULL),(351,'201205160605053A.jpg','奔驰A级',27.80,23.80,80,'2012-05-16 18:05:53',NULL),(352,'201205160606029CLK.jpg','奔驰CLK',0.00,0.00,80,'2012-05-16 18:06:29',NULL),(353,'201205160607002CLS.jpg','奔驰CLS',96.80,76.80,80,'2012-05-16 18:07:02',NULL),(354,'201205160608020C1.jpg','奔驰C级 ',48.50,39.80,80,'2012-05-16 18:08:20',NULL),(355,'201205160609032E.jpg','奔驰E级',109.80,54.80,80,'2012-05-16 18:09:32',NULL),(356,'201205160610029GL.jpg','奔驰GL级',159.80,147.80,80,'2012-05-16 18:10:29',NULL),(357,'201205160612055G.jpg','奔驰G级',169.80,169.80,80,'2012-05-16 18:12:55',NULL),(358,'201205160613024ML.jpg','奔驰ML级',99.80,89.80,80,'2012-05-16 18:13:24',NULL),(359,'201205160615048R.jpg','奔驰R级',121.20,69.80,80,'2012-05-16 18:15:48',NULL),(360,'201205160616019SL.jpg','奔驰SL级',198.80,119.80,80,'2012-05-16 18:16:19',NULL),(361,'201205160616045SLK.jpg','奔驰SLK',93.80,60.80,80,'2012-05-16 18:16:45',NULL),(362,'201205160617016S.jpg','奔驰S级',259.80,93.00,80,'2012-05-16 18:17:16',NULL),(363,'201205160617047VIano.jpg','唯雅诺Viano',72.80,72.80,80,'2012-05-16 18:17:47',NULL),(364,'201205160618016VITO.jpg','威霆VITO',35.00,33.00,80,'2012-05-16 18:18:16',NULL),(365,'201205160618045CL.jpg','奔驰CL级',249.80,249.80,80,'2012-05-16 18:18:45',NULL),(366,'201205160620000GLK1.jpg','奔驰GLK级',72.80,44.80,80,'2012-05-16 18:20:00',NULL),(367,'201205160620026B.jpg','奔驰B级',35.80,28.80,80,'2012-05-16 18:20:26',NULL),(368,'201205160621016Sprinter.jpg','凌特Sprinter',91.80,91.80,80,'2012-05-16 18:21:16',NULL),(369,'201205160621050weiting.jpg','威霆',33.90,33.90,81,'2012-05-16 18:21:50',NULL),(370,'201205160622026weiyaluo.jpg','唯雅诺',67.90,41.90,81,'2012-05-16 18:22:27',NULL),(371,'201205160622057lingte.jpg','凌特',44.80,41.80,81,'2012-05-16 18:22:57',NULL),(372,'201205160623059SLSAMG.jpg','奔驰SLS AMG',362.80,362.80,82,'2012-05-16 18:23:59',NULL),(373,'201205160624024EAMG.jpg','E AMG',0.00,0.00,82,'2012-05-16 18:24:24',NULL),(374,'201205160624049SLKAMG.jpg','SLK AMG',0.00,0.00,82,'2012-05-16 18:24:49',NULL),(375,'201205160625014GAMG.jpg','G AMG',225.80,225.80,82,'2012-05-16 18:25:14',NULL),(376,'201205160625053SAMG.jpg','S AMG',329.80,329.80,82,'2012-05-16 18:25:53',NULL),(377,'201205160626017CLSAMG.jpg','CLS AMG',177.80,177.80,82,'2012-05-16 18:26:17',NULL),(378,'201205160626041CAMG.jpg','C AMG',138.80,99.80,82,'2012-05-16 18:26:41',NULL),(379,'201205160627016MLAMG.jpg','ML AMG',209.80,195.80,82,'2012-05-16 18:27:16',NULL),(380,'201205160627047SLAMG.jpg','SL AMG',256.80,256.80,82,'2012-05-16 18:27:47',NULL),(381,'201205160942055918.jpg','918',0.00,0.00,83,'2012-05-16 21:42:55',NULL),(382,'201205160943025panamera.jpg','Panamera',255.00,112.83,83,'2012-05-16 21:43:25',NULL),(383,'201205160943052kayan.jpg','卡宴',244.90,77.00,83,'2012-05-16 21:43:52',NULL),(384,'201205160944016cayman.jpg','Cayman',108.20,72.80,83,'2012-05-16 21:44:16',NULL),(385,'201205160944054boxster.jpg','Boxster',106.00,68.80,83,'2012-05-16 21:44:54',NULL),(386,'201205160945019911.jpg','911',330.00,137.60,83,'2012-05-16 21:45:19',NULL),(387,'201205160946033passat.jpg','帕萨特',32.28,19.48,84,'2012-05-16 21:46:33',NULL),(388,'201205160947000passatlingyu.jpg','PASSAT领驭',30.38,16.98,84,'2012-05-16 21:47:00',NULL),(389,'201205160947028polo.jpg','POLO',12.59,8.58,84,'2012-05-16 21:47:28',NULL),(390,'201205160948000sangtala.jpg','桑塔纳',7.98,7.98,84,'2012-05-16 21:48:00',NULL),(391,'201205160948027tuan.jpg','途安',20.08,14.98,84,'2012-05-16 21:48:27',NULL),(392,'201205160949008langyi.jpg','朗逸',16.28,11.28,84,'2012-05-16 21:49:08',NULL),(393,'201205160949036sangtalzhij.jpg','桑塔纳志俊',12.48,8.98,84,'2012-05-16 21:49:36',NULL),(394,'201205160950016tuguan.jpg','途观',30.98,18.98,84,'2012-05-16 21:50:16',NULL),(395,'201205160952021gaoerfu1.jpg','高尔夫',23.58,11.89,85,'2012-05-16 21:52:21',NULL),(396,'201205160952050jieda.jpg','捷达',9.88,7.58,85,'2012-05-16 21:52:50',NULL),(397,'201205160953016kaidi.jpg','开迪',0.00,0.00,85,'2012-05-16 21:53:16',NULL),(398,'201205160953042maiteng.jpg','迈腾',33.48,19.98,85,'2012-05-16 21:53:42',NULL),(399,'201205160954015baolai.jpg','宝来',14.68,10.78,85,'2012-05-16 21:54:15',NULL),(400,'201205160955029cc.jpg','一汽大众CC',34.98,25.38,85,'2012-05-16 21:55:29',NULL),(401,'201205160956017eos.jpg','EOS',46.08,45.92,86,'2012-05-16 21:56:17',NULL),(402,'201205160957057gaoerfu.jpg','高尔夫',39.48,39.48,86,'2012-05-16 21:57:57',NULL),(403,'201205160959002huiteng.jpg','辉腾',241.20,77.90,86,'2012-05-16 21:59:02',NULL),(404,'201205161001007jiakechong.jpg','甲壳虫',30.21,20.16,86,'2012-05-16 22:01:07',NULL),(405,'201205161002012maiteng1.jpg','迈腾',37.48,32.48,86,'2012-05-16 22:02:12',NULL),(406,'201205161004012PASSATj.jpg','PASSAT',53.00,34.00,86,'2012-05-16 22:04:12',NULL),(407,'201205161005023turui.jpg','途锐',109.34,78.00,86,'2012-05-16 22:05:23',NULL),(408,'201205161006009xilang.jpg','夏朗',40.98,30.98,86,'2012-05-16 22:06:09',NULL),(409,'201205161006039shangku.jpg','尚酷',39.88,31.00,86,'2012-05-16 22:06:39',NULL),(410,'201205161007054cc1.jpg','大众CC',53.68,50.50,86,'2012-05-16 22:07:54',NULL),(411,'201205161008017Tiguan.jpg','Tiguan',39.03,34.25,86,'2012-05-16 22:08:17',NULL),(412,'201205161009003Multivan.jpg','Multivan',56.80,43.80,86,'2012-05-16 22:09:03',NULL),(413,'201205161009026UP.jpg','大众UP!',0.00,0.00,86,'2012-05-16 22:09:26',NULL),(414,'201205161011037gaoerfu.jpg','高尔夫旅行车',28.98,23.98,86,'2012-05-16 22:11:37',NULL),(415,'201205161012006cross.jpg','Cross高尔夫',28.33,28.33,86,'2012-05-16 22:12:06',NULL),(416,'201205161015018S.jpg','劳伦士奔驰S级',295.00,130.80,87,'2012-05-16 22:15:18',NULL),(417,'201205161015042smart.jpg','劳伦士smart',0.00,0.00,87,'2012-05-16 22:15:42',NULL),(418,'201205161016015ML.jpg','劳伦士奔驰ML级',174.80,122.80,87,'2012-05-16 22:16:15',NULL),(419,'201205161016059G.jpg','劳伦士奔驰G级',268.00,268.00,87,'2012-05-16 22:16:59',NULL),(420,'201205161017024E.jpg','劳伦士奔驰E级',0.00,0.00,87,'2012-05-16 22:17:24',NULL),(421,'201205161019042maibahe.jpg','劳伦士奔驰E级',1298.00,538.00,88,'2012-05-16 22:19:42',NULL),(422,'201205161021047andela.jpg','安德拉',32.49,26.60,89,'2012-05-16 22:21:47',NULL),(423,'201205161022011yate.jpg','雅特',36.00,18.00,89,'2012-05-16 22:22:11',NULL),(424,'201205161022032weida.jpg','威达',37.20,30.80,89,'2012-05-16 22:22:32',NULL),(425,'201205161022055saifeili.jpg','赛飞利',28.50,19.98,89,'2012-05-16 22:22:55',NULL),(426,'201205161023032sortwo.jpg','Fortwo',22.50,11.50,90,'2012-05-16 22:23:32',NULL),(427,'201205161024003benchi.jpg','奔驰房车',148.00,125.00,91,'2012-05-16 22:24:03',NULL),(428,'201205161041037CRV.jpg','CR-V',26.28,19.38,92,'2012-05-16 22:41:37',NULL),(429,'201205161042008siyu.jpg','思域',18.58,13.18,92,'2012-05-16 22:42:08',NULL),(430,'201205161042050siborui.jpg','思铂睿',27.18,23.78,92,'2012-05-16 22:42:50',NULL),(431,'201205161043052siming.jpg','思铭',11.98,11.18,92,'2012-05-16 22:43:52',NULL),(432,'201205161044018aodesai.jpg','奥德赛',28.28,22.98,93,'2012-05-16 22:44:18',NULL),(433,'201205161044043feidu.jpg','飞度',11.98,7.98,93,'2012-05-16 22:44:43',NULL),(434,'201205161045005sidi.jpg','思迪',0.00,0.00,93,'2012-05-16 22:45:05',NULL),(435,'201205161045039yage.jpg','雅阁',34.28,18.68,93,'2012-05-16 22:45:39',NULL),(436,'201205161046010fengfan.jpg','锋范',15.98,9.68,93,'2012-05-16 22:46:10',NULL),(437,'201205161046054geshitu.jpg','歌诗图',42.88,25.98,93,'2012-05-16 22:46:54',NULL),(438,'201205161048006s1.jpg','理念S1',9.98,6.98,93,'2012-05-16 22:48:06',NULL),(439,'201205161048040licheng.jpg','里程',0.00,0.00,94,'2012-05-16 22:48:40',NULL),(440,'201205161049032kmr.jpg','凯美瑞',27.48,17.98,95,'2012-05-16 22:49:32',NULL),(441,'201205161049057yalishi.jpg','雅力士',10.68,8.70,95,'2012-05-16 22:49:57',NULL),(442,'201205161050022hanlanda.jpg','汉兰达',42.98,24.88,95,'2012-05-16 22:50:22',NULL),(443,'201205161050050hg.jpg','花冠EX',11.48,9.28,96,'2012-05-16 22:50:50',NULL),(444,'201205161051017hg.jpg','皇冠',89.96,32.85,96,'2012-05-16 22:51:17',NULL),(445,'201205161052002kll.jpg','卡罗拉',19.98,12.38,96,'2012-05-16 22:52:02',NULL),(446,'201205161052022ldxyj.jpg','陆地巡洋舰',0.00,0.00,96,'2012-05-16 22:52:22',NULL),(447,'201205161052047pld.jpg','普拉多',69.80,53.80,96,'2012-05-16 22:52:47',NULL),(448,'201205161053013prs.jpg','普锐斯',26.98,22.98,96,'2012-05-16 22:53:13',NULL),(449,'201205161053038rz.jpg','锐志',32.68,20.98,96,'2012-05-16 22:53:38',NULL),(450,'201205161053059tr.jpg','特锐',0.00,0.00,96,'2012-05-16 22:53:59',NULL),(451,'201205161054024wc.jpg','威驰',12.39,8.95,96,'2012-05-16 22:54:24',NULL),(452,'201205161054050RAV4.jpg','RAV4',26.98,18.78,96,'2012-05-16 22:54:50',NULL),(453,'201205161055016landeku.jpg','兰德酷路泽',115.90,76.50,96,'2012-05-16 22:55:16',NULL),(454,'201205161055050pld.jpg','普拉多',49.90,43.70,97,'2012-05-16 22:55:50',NULL),(455,'201205161100004puruiweiy.jpg','普瑞维亚',61.10,46.98,97,'2012-05-16 23:00:04',NULL),(456,'201205161101009FJ.jpg','FJ 酷路泽',53.00,53.00,97,'2012-05-16 23:01:09',NULL),(457,'201205161102048aierfa.jpg','埃尔法',68.88,56.88,97,'2012-05-16 23:02:48',NULL),(458,'201205161103022puruisi.jpg','普锐斯V',0.00,0.00,97,'2012-05-16 23:03:22',NULL),(459,'201205161104055jieluchi.jpg','杰路驰',28.00,25.50,97,'2012-05-16 23:04:55',NULL),(460,'201205161106023GT86.jpg','GT 86',0.00,0.00,97,'2012-05-16 23:06:23',NULL),(461,'201205161109016jl.jpg','嘉路',99.80,99.80,98,'2012-05-16 23:09:16',NULL),(462,'201205161109049ds.jpg','大蛇',189.00,148.00,98,'2012-05-16 23:09:49',NULL),(463,'201205161110009vw.jpg','女王',66.80,66.80,98,'2012-05-16 23:10:09',NULL),(464,'201205161113006bdx.jpg','北斗星',5.80,3.68,99,'2012-05-16 23:13:06',NULL),(465,'201205161113048ld.jpg','浪迪',7.66,4.98,99,'2012-05-16 23:13:48',NULL),(466,'201205161114016lyn.jpg','利亚纳',10.66,6.28,99,'2012-05-16 23:14:16',NULL),(467,'201205161114047xp.jpg','派喜',6.19,5.49,99,'2012-05-16 23:14:47',NULL),(468,'201205161115052SX4.jpg','天语 SX4',13.48,10.98,100,'2012-05-16 23:15:52',NULL),(469,'201205161116017at.jpg','奥拓',6.29,4.49,100,'2012-05-16 23:16:17',NULL),(470,'201205161117039lm.jpg','羚羊',5.28,4.18,100,'2012-05-16 23:17:39',NULL),(471,'201205161118004tysy.jpg','天语尚悦',12.38,7.98,100,'2012-05-16 23:18:04',NULL),(472,'201205161118046yy.jpg','雨燕',9.18,5.98,100,'2012-05-16 23:18:46',NULL),(473,'201205161120025cjwtl.jpg','超级维特拉',27.48,24.20,101,'2012-05-16 23:20:25',NULL),(474,'201205161120052jmn.jpg','吉姆尼',15.80,13.90,101,'2012-05-16 23:20:52',NULL),(475,'201205161122022kzx.jpg','凯泽西',24.88,18.88,101,'2012-05-16 23:22:22',NULL),(476,'201205161125001CT.jpg','CT系列',44.50,27.90,102,'2012-05-16 23:25:01',NULL),(477,'201205161125018LFA.jpg','LF-A',0.00,0.00,102,'2012-05-16 23:25:18',NULL),(478,'201205161125042SC.jpg','SC系列',132.10,132.10,102,'2012-05-16 23:25:42',NULL),(479,'201205161126018RX.jpg','RX系列',95.40,49.50,102,'2012-05-16 23:26:18',NULL),(480,'201205161126049LX.jpg','LX系列',173.30,115.60,102,'2012-05-16 23:26:49',NULL),(483,'201205161129040LS.jpg','LS系列',207.30,92.40,102,'2012-05-16 23:29:40',NULL),(482,'201205161127054IS.jpg','IS系列',67.30,34.50,102,'2012-05-16 23:27:54',NULL),(484,'201205161130017GX.jpg','GX系列',116.00,81.00,102,'2012-05-16 23:30:17',NULL),(485,'201205161130040GS.jpg','GS系列',103.40,52.70,102,'2012-05-16 23:30:40',NULL),(486,'201205161131003ES.jpg','ES系列',65.10,39.00,102,'2012-05-16 23:31:03',NULL),(487,'201205161132019mzd6.jpg','马自达6',19.98,17.08,103,'2012-05-16 23:32:19',NULL),(488,'201205161132047ry.jpg','睿翼',23.98,17.98,103,'2012-05-16 23:32:47',NULL),(489,'201205161133012mzd8.jpg','马自达8',24.98,21.98,103,'2012-05-16 23:33:12',NULL),(490,'201205161133045CX5.jpg','CX-5',0.00,0.00,104,'2012-05-16 23:33:45',NULL),(491,'201205161134045RX8.jpg','RX-8',0.00,0.00,104,'2012-05-16 23:34:45',NULL),(492,'201205161135016mzd5.jpg','马自达5',19.18,16.48,104,'2012-05-16 23:35:16',NULL),(493,'201205161137006mzd3lx.jpg','马自达3两厢',18.88,14.78,104,'2012-05-16 23:37:06',NULL),(494,'201205161137040mx5.jpg','MX-5',29.98,29.98,104,'2012-05-16 23:37:40',NULL),(495,'201205161138008CX7.jpg','CX-7',28.80,28.80,104,'2012-05-16 23:38:08',NULL),(496,'201205161138038mzd2.jpg','马自达2',10.58,8.08,105,'2012-05-16 23:38:38',NULL),(499,'201205161143043mzd31.jpg','马自达3',16.48,9.68,105,'2012-05-16 23:43:43',NULL),(498,'201205161140027mzd3.jpg','马自达3星骋',15.38,11.28,105,'2012-05-16 23:40:27',NULL),(500,'201205161144020ILX.jpg','ILX',0.00,0.00,106,'2012-05-16 23:44:20',NULL),(501,'201205161144034RDX.jpg','RDX',0.00,0.00,106,'2012-05-16 23:44:34',NULL),(502,'201205161145000ZDX.jpg','ZDX',88.80,88.80,106,'2012-05-16 23:45:00',NULL),(503,'201205161145023TL.jpg','TL',64.50,39.00,106,'2012-05-16 23:45:23',NULL),(504,'201205161145047RL.jpg','RL',86.00,68.00,106,'2012-05-16 23:45:47',NULL),(505,'201205161146009MDX.jpg','MDX',94.00,72.00,106,'2012-05-16 23:46:09',NULL),(506,'201205161147002jy.jpg','骏逸',0.00,0.00,107,'2012-05-16 23:47:02',NULL),(507,'201205161147025ln.jpg','蓝鸟',0.00,0.00,107,'2012-05-16 23:47:25',NULL),(508,'201205161147058lw.jpg','骊威',12.98,8.58,107,'2012-05-16 23:47:58',NULL),(509,'201205161148026qd.jpg','骐达',15.68,10.53,107,'2012-05-16 23:48:26',NULL),(510,'201205161150019tn.jpg','天籁',37.18,19.08,107,'2012-05-16 23:50:19',NULL),(511,'201205161150057xy.jpg','轩逸',16.78,12.48,107,'2012-05-16 23:50:57',NULL),(512,'201205161151021yg.jpg','阳光',11.28,8.28,107,'2012-05-16 23:51:21',NULL),(513,'201205161151041yd.jpg','颐达',0.00,0.00,107,'2012-05-16 23:51:41',NULL),(514,'201205161152020ll.jpg','楼兰',48.88,48.88,107,'2012-05-16 23:52:20',NULL),(515,'201205161152044xk.jpg','逍客',21.98,13.98,107,'2012-05-16 23:52:44',NULL),(516,'201205161153015qj.jpg','奇骏',26.98,20.78,107,'2012-05-16 23:53:15',NULL),(517,'201205161153051mc.jpg','玛驰',9.29,6.99,107,'2012-05-16 23:53:51',NULL),(518,'201205161154030qcD50.jpg','启辰D50',8.38,6.78,107,'2012-05-16 23:54:30',NULL),(519,'201205161154055350Z.jpg','350Z',0.00,0.00,108,'2012-05-16 23:54:55',NULL),(520,'201205161155021GTR.jpg','GT-R',148.00,148.00,108,'2012-05-16 23:55:21',NULL),(521,'201205161155039fd.jpg','风度',0.00,0.00,108,'2012-05-16 23:55:39',NULL),(522,'201205161155054fy.jpg','风雅',0.00,0.00,108,'2012-05-16 23:55:54',NULL),(523,'201205161156018gs.jpg','贵士',66.80,66.80,108,'2012-05-16 23:56:18',NULL),(524,'201205161156051tl.jpg','途乐',139.00,139.00,108,'2012-05-16 23:56:51',NULL),(525,'201205161157007xm.jpg','西玛',0.00,0.00,108,'2012-05-16 23:57:07',NULL),(526,'201205161157027370Z.jpg','370Z',0.00,0.00,108,'2012-05-16 23:57:27',NULL),(527,'201205161157042LEAF.jpg','LEAF聆风',0.00,0.00,108,'2012-05-16 23:57:42',NULL),(528,'201205161158027pld.jpg','帕拉丁',24.98,16.48,109,'2012-05-16 23:58:27',NULL),(529,'201205161158051NV200.jpg','NV200',12.78,7.98,109,'2012-05-16 23:58:51',NULL),(530,'201205161159043gl.jpg','戈蓝',19.98,14.98,110,'2012-05-16 23:59:43',NULL),(531,'201205171200004ls.jpg','蓝瑟',10.48,8.58,110,'2012-05-17 00:00:04',NULL),(532,'201205171200028jg.jpg','君阁',17.48,12.98,110,'2012-05-17 00:00:28',NULL),(533,'201205171201021ys.jpg','三菱翼神',16.98,10.98,110,'2012-05-17 00:01:21',NULL),(534,'201205171201051ASX.jpg','ASX劲炫',25.50,19.80,111,'2012-05-17 00:01:51',NULL),(535,'201205171202021lancer.jpg','Lancer',49.80,21.80,111,'2012-05-17 00:02:21',NULL),(536,'201205171203002oldEX.jpg','欧蓝德EX',37.40,24.90,111,'2012-05-17 00:03:02',NULL),(537,'201205171203024gld.jpg','格蓝迪',28.80,26.20,111,'2012-05-17 00:03:24',NULL),(538,'201205171203051pjl.jpg','帕杰罗',62.00,43.50,111,'2012-05-17 00:03:51',NULL),(539,'201205171204031ykls.jpg','伊柯丽斯',0.00,0.00,111,'2012-05-17 00:04:31',NULL),(540,'201205171205025pjljc.jpg','帕杰罗·劲畅',39.80,36.80,111,'2012-05-17 00:05:25',NULL),(541,'201205171207026XV.jpg','XV',23.28,19.98,112,'2012-05-17 00:07:26',NULL),(542,'201205171207044BRZ.jpg','BRZ',0.00,0.00,112,'2012-05-17 00:07:44',NULL),(543,'201205171208019yb.jpg','翼豹',52.00,19.98,112,'2012-05-17 00:08:19',NULL),(544,'201205171208044slr.jpg','森林人',36.98,22.98,112,'2012-05-17 00:08:44',NULL),(545,'201205171209020ls.jpg','力狮',38.78,24.98,112,'2012-05-17 00:09:20',NULL),(546,'201205171209049cp.jpg','驰鹏',56.78,54.98,112,'2012-05-17 00:09:49',NULL),(547,'201205171210011ah.jpg','傲虎',44.98,29.98,112,'2012-05-17 00:10:11',NULL),(548,'201205171211010JX.jpg','英菲尼迪JX',0.00,0.00,113,'2012-05-17 00:11:10',NULL),(549,'201205171211051EX.jpg','英菲尼迪EX',64.70,49.80,113,'2012-05-17 00:11:51',NULL),(550,'201205171212015M.jpg','英菲尼迪M',65.80,49.80,113,'2012-05-17 00:12:15',NULL),(551,'201205171212040QX.jpg','英菲尼迪QX',149.80,92.00,113,'2012-05-17 00:12:40',NULL),(552,'201205171213005G.jpg','英菲尼迪G系',75.41,38.80,113,'2012-05-17 00:13:05',NULL),(553,'201205171213025FX.jpg','英菲尼迪FX',120.80,67.80,113,'2012-05-17 00:13:25',NULL),(554,'201205171008046RIO.jpg','RIO锐欧',10.48,6.98,114,'2012-05-17 10:08:46',NULL),(555,'201205171009006jh.jpg','嘉华',0.00,0.00,114,'2012-05-17 10:09:06',NULL),(556,'201205171009027ql.jpg','千里马',0.00,0.00,114,'2012-05-17 10:09:27',NULL),(567,'201205171018040slt1.jpg','赛拉图',13.38,8.88,114,'2012-05-17 10:18:40',NULL),(558,'201205171010012yj.jpg','远舰',0.00,0.00,114,'2012-05-17 10:10:12',NULL),(559,'201205171010036sp.jpg','狮跑',19.68,15.98,114,'2012-05-17 10:10:36',NULL),(560,'201205171011033frd.jpg','福瑞迪',13.98,9.88,114,'2012-05-17 10:11:33',NULL),(561,'201205171011057xe.jpg','秀尔',12.78,10.38,114,'2012-05-17 10:11:57',NULL),(562,'201205171012021zp.jpg','智跑',24.98,16.48,114,'2012-05-17 10:12:21',NULL),(563,'201205171012048K5.jpg','K5',24.98,15.98,114,'2012-05-17 10:12:48',NULL),(564,'201205171016023K2.jpg','K2',10.99,7.29,114,'2012-05-17 10:16:23',NULL),(565,'201205171017000gfls.jpg','欧菲莱斯',0.00,0.00,115,'2012-05-17 10:17:00',NULL),(566,'201205171017030slt.jpg','索兰托',27.28,22.98,115,'2012-05-17 10:17:30',NULL),(568,'201205171019007wk.jpg','威客',29.80,27.50,115,'2012-05-17 10:19:07',NULL),(569,'201205171021032xjl.jpg','新佳乐',17.98,12.46,115,'2012-05-17 10:21:32',NULL),(570,'201205171022002br.jpg','霸锐',39.80,39.80,115,'2012-05-17 10:22:02',NULL),(571,'201205171022035sm.jpg','速迈',19.88,16.98,115,'2012-05-17 10:22:35',NULL),(572,'201205171023003kz.jpg','凯尊',29.90,23.50,115,'2012-05-17 10:23:03',NULL),(573,'201205171023023K9.jpg','起亚K9',0.00,0.00,115,'2012-05-17 10:23:23',NULL),(574,'201205171024003kld.jpg','柯兰多',0.00,0.00,116,'2012-05-17 10:24:03',NULL),(575,'201205171024024zx.jpg','主席',69.80,41.80,116,'2012-05-17 10:24:24',NULL),(576,'201205171027005xy.jpg','享御',29.30,22.99,116,'2012-05-17 10:27:05',NULL),(577,'201205171027033ld.jpg','路帝',33.98,24.98,116,'2012-05-17 10:27:33',NULL),(578,'201205171027057lst.jpg','雷斯特Ⅱ',45.80,31.80,116,'2012-05-17 10:27:57',NULL),(579,'201205171028015at.jpg','爱腾',26.98,19.98,116,'2012-05-17 10:28:15',NULL),(580,'201205171029025yx.jpg','御翔',0.00,0.00,117,'2012-05-17 10:29:25',NULL),(581,'2012051710300398dsnt.jpg','第八代索纳塔',24.99,16.69,117,'2012-05-17 10:30:39',NULL),(582,'201205171031003ts.jpg','途胜',24.18,16.58,117,'2012-05-17 10:31:03',NULL),(583,'201205171032008yst.jpg','雅绅特',9.78,7.18,117,'2012-05-17 10:32:08',NULL),(584,'201205171032033ylt.jpg','伊兰特',9.88,8.98,117,'2012-05-17 10:32:33',NULL),(585,'201205171032058yd.jpg','悦动',14.68,9.98,117,'2012-05-17 10:32:58',NULL),(586,'201205171033026lx.jpg','领翔',0.00,0.00,117,'2012-05-17 10:33:26',NULL),(587,'201205171033057i30.jpg','i30',14.18,9.98,117,'2012-05-17 10:33:57',NULL),(588,'201205171034020my.jpg','名驭',13.98,11.48,117,'2012-05-17 10:34:20',NULL),(589,'201205171034043ix35.jpg','ix35',24.28,16.98,117,'2012-05-17 10:34:43',NULL),(590,'201205171035006rn.jpg','瑞纳',10.69,7.39,117,'2012-05-17 10:35:06',NULL),(591,NULL,'朗动',0.00,0.00,117,'2012-05-17 10:35:25',NULL),(592,'201205171035054kp.jpg','酷派',0.00,0.00,118,'2012-05-17 10:35:54',NULL),(593,'201205171036009mj.jpg','美佳',0.00,0.00,118,'2012-05-17 10:36:09',NULL),(594,'201205171036034wlks.jpg','维拉克斯',43.68,39.80,118,'2012-05-17 10:36:34',NULL),(595,'201205171036059xsd.jpg','新胜达',28.38,22.66,118,'2012-05-17 10:36:59',NULL),(596,'201205171037022yks.jpg','雅科仕',125.00,69.90,118,'2012-05-17 10:37:22',NULL),(597,'201205171037057zy.jpg','雅尊',32.80,23.80,118,'2012-05-17 10:37:57',NULL),(600,'201205171040004les2.jpg','劳恩斯',57.50,39.00,118,'2012-05-17 10:40:04',NULL),(599,'201205171038057les.jpg','劳恩斯-酷派',32.50,19.90,118,'2012-05-17 10:38:57',NULL),(601,'201205171040028H1.jpg','H-1辉翼',24.80,20.95,118,'2012-05-17 10:40:28',NULL),(602,'201205171040054veloster.jpg','Veloster 飞思',20.58,14.98,118,'2012-05-17 10:40:54',NULL),(603,'201205171041020i40.jpg','i40',0.00,0.00,118,'2012-05-17 10:41:20',NULL),(604,'2012051710420422061.jpg','标致206',0.00,0.00,119,'2012-05-17 10:42:42',NULL),(605,'2012051710430443071.jpg','标致307',14.78,9.28,119,'2012-05-17 10:43:44',NULL),(606,'201205171044017207.jpg','标致207',10.58,7.18,119,'2012-05-17 10:44:17',NULL),(607,'201205171044044408.jpg','标致408',16.99,12.19,119,'2012-05-17 10:44:44',NULL),(608,'201205171045019508.jpg','标致508',22.97,16.97,119,'2012-05-17 10:45:19',NULL),(609,'201205171046014308.jpg','标致308',14.19,10.39,119,'2012-05-17 10:46:14',NULL),(610,'2012051710460432071.jpg','标致207',29.50,25.50,120,'2012-05-17 10:46:43',NULL),(611,'201205171047012206.jpg','标致206',0.00,0.00,120,'2012-05-17 10:47:12',NULL),(612,'201205171047040407.jpg','标致407',49.00,29.80,120,'2012-05-17 10:47:40',NULL),(613,'201205171048001607.jpg','标致607',0.00,0.00,120,'2012-05-17 10:48:01',NULL),(614,'2012051710490043081.jpg','标致308',33.88,22.88,120,'2012-05-17 10:49:04',NULL),(615,'2012051710490333008.jpg','标致3008',26.68,24.68,120,'2012-05-17 10:49:33',NULL),(616,'2012051710490535008.jpg','标致5008',0.00,0.00,120,'2012-05-17 10:49:53',NULL),(617,'201205171050015RCZ.jpg','标致RCZ',35.68,32.88,120,'2012-05-17 10:50:15',NULL),(618,'201205171050035208.jpg','标致208',0.00,0.00,120,'2012-05-17 10:50:35',NULL),(619,'2012051710510024008.jpg','标致4008',27.98,21.98,120,'2012-05-17 10:51:02',NULL),(620,'201205171105043tlsm.jpg','塔利斯曼',48.48,31.88,121,'2012-05-17 11:05:43',NULL),(621,'201205171106003fl.jpg','风朗',19.58,16.58,121,'2012-05-17 11:06:03',NULL),(622,'201205171106019wd.jpg','纬度',29.28,23.98,121,'2012-05-17 11:06:19',NULL),(623,'201205171106044kla.jpg','科雷傲',29.68,22.58,121,'2012-05-17 11:06:44',NULL),(624,'201205171107020wsd.jpg','威赛帝',53.80,53.80,121,'2012-05-17 11:07:20',NULL),(625,'201205171107040mgn.jpg','梅甘娜',38.58,19.50,121,'2012-05-17 11:07:40',NULL),(626,'201205171108001lgn.jpg','拉古那',35.98,24.98,121,'2012-05-17 11:08:01',NULL),(627,'201205171108018fj.jpg','风景',26.80,21.28,121,'2012-05-17 11:08:18',NULL),(628,'201205171108056c2.jpg','C2',8.98,7.18,122,'2012-05-17 11:08:56',NULL),(629,'201205171110013als.jpg','爱丽舍',8.88,7.38,122,'2012-05-17 11:10:13',NULL),(630,'201205171110045bjs.jpg','毕加索',15.78,12.58,122,'2012-05-17 11:10:45',NULL),(631,'201205171111013fk.jpg','富康',0.00,0.00,122,'2012-05-17 11:11:13',NULL),(632,'201205171111037kx.jpg','凯旋',20.48,14.98,122,'2012-05-17 11:11:37',NULL),(633,'201205171112022sj.jpg','世嘉',14.78,10.68,122,'2012-05-17 11:12:22',NULL),(634,'201205171112042C5.jpg','C5',29.89,17.69,122,'2012-05-17 11:12:42',NULL),(635,'201205171115034dc4.jpg','大C4毕加索',30.68,27.68,123,'2012-05-17 11:15:34',NULL),(640,'201205171120012c41.jpg','C4系列',22.98,19.98,123,'2012-05-17 11:20:12',NULL),(637,'201205171117007C51.jpg','C5系列',0.00,0.00,123,'2012-05-17 11:17:07',NULL),(638,'201205171117036c6.jpg','C6系列',64.88,58.88,123,'2012-05-17 11:17:36',NULL),(639,'201205171118005C4.jpg','C4 AIRCROSS',27.98,21.98,123,'2012-05-17 11:18:05',NULL),(644,'201205171125024VIRAGE.jpg','VIRAGE',456.00,430.00,124,'2012-05-17 11:25:24',NULL),(642,'201205171123035PARIDE.jpg','RAPIDE',368.80,368.80,124,'2012-05-17 11:23:35',NULL),(643,'201205171124000ONE77.jpg','ONE-77',0.00,0.00,124,'2012-05-17 11:24:00',NULL),(645,'201205171125056VANTAGE.jpg','VANTAGE',329.00,222.90,124,'2012-05-17 11:25:56',NULL),(646,'201205171127042DBS.jpg','DBS',489.90,362.00,124,'2012-05-17 11:27:42',NULL),(647,'201205171129017DB9.jpg','DB9',349.90,319.90,124,'2012-05-17 11:29:17',NULL),(648,'201205171130012ms.jpg','慕尚',928.00,568.00,125,'2012-05-17 11:30:12',NULL),(649,'201205171130037yz.jpg','雅致',598.00,498.00,125,'2012-05-17 11:30:37',NULL),(650,'201205171132032ol.jpg','欧陆',568.00,338.00,125,'2012-05-17 11:32:32',NULL),(651,'201205171132053ol.jpg','欧陆',568.00,338.00,125,'2012-05-17 11:32:53',NULL),(652,'201205171133020xf.jpg','XF',188.80,63.80,126,'2012-05-17 11:33:20',NULL),(653,'201205171133039XTYPE.jpg','X-TYPE',53.00,53.00,126,'2012-05-17 11:33:39',NULL),(654,'201205171133057Xk.jpg','XK',251.80,142.00,126,'2012-05-17 11:33:57',NULL),(655,'201205171134013XJ.jpg','XJ',254.80,86.80,126,'2012-05-17 11:34:13',NULL),(656,'201205171134030S-TYPE.jpg','S-TYPE',103.00,67.80,126,'2012-05-17 11:34:30',NULL),(657,'201205171134056yts.jpg','银天使',0.00,0.00,127,'2012-05-17 11:34:56',NULL),(658,'201205171135014gst.jpg','古思特',399.00,399.00,127,'2012-05-17 11:35:14',NULL),(659,'201205171135031hy.jpg','幻影',1888.00,618.00,127,'2012-05-17 11:35:31',NULL),(660,'201205171136016lsyd.jpg','揽胜运动版',183.80,88.80,128,'2012-05-17 11:36:16',NULL),(661,'201205171136041lsjg.jpg','揽胜极光',63.80,62.80,128,'2012-05-17 11:36:41',NULL),(662,'201205171137001fx4.jpg','发现4',118.80,69.80,128,'2012-05-17 11:37:01',NULL),(663,'201205171137022ws.jpg','卫士',74.80,74.80,128,'2012-05-17 11:37:22',NULL),(664,'201205171137038sxz2.jpg','神行者2',65.80,49.80,128,'2012-05-17 11:37:38',NULL),(665,'201205171137058ls.jpg','揽胜',273.80,133.00,128,'2012-05-17 11:37:58',NULL),(666,'201205171138015fx3.jpg','发现3',109.80,95.80,128,'2012-05-17 11:38:15',NULL),(667,'201205171138046exige.jpg','Exige',99.80,89.80,129,'2012-05-17 11:38:46',NULL),(668,'201205171139006evora.jpg','Evora',368.00,124.80,129,'2012-05-17 11:39:06',NULL),(669,'201205171139025elise.jpg','Elise',86.80,69.80,129,'2012-05-17 11:39:25',NULL),(670,'201205171140010roadster.jpg','ROADSTER',43.30,37.60,130,'2012-05-17 11:40:10',NULL),(671,'201205171140021paceman.jpg','PACEMAN',0.00,0.00,130,'2012-05-17 11:40:21',NULL),(672,'201205171140040cabrio.jpg','CABRIO',41.50,35.50,130,'2012-05-17 11:40:40',NULL),(673,'201205171141000coupe.jpg','COUPE',38.50,31.80,130,'2012-05-17 11:41:00',NULL),(674,'201205171141021countryman.jpg','COUNTRYMAN',41.50,28.80,130,'2012-05-17 11:41:21',NULL),(675,'201205171141034clubman.jpg','CLUBMAN',39.50,24.50,130,'2012-05-17 11:41:34',NULL),(676,'201205171141050mini.jpg','MINI',42.95,22.50,130,'2012-05-17 11:41:50',NULL),(677,'201205171142032Giulietta.jpg','Giulietta ',0.00,0.00,131,'2012-05-17 11:42:32',NULL),(678,'201205171142041alfa8c.jpg','ALFA 8C',0.00,0.00,131,'2012-05-17 11:42:41',NULL),(679,'201205171142048alfa159.jpg','ALFA 159',0.00,0.00,131,'2012-05-17 11:42:48',NULL),(680,'201205171143021wh.jpg','威航',4300.00,2500.00,132,'2012-05-17 11:43:21',NULL),(681,'201205171143048f12ber.jpg','F12berlinetta',0.00,0.00,133,'2012-05-17 11:43:48',NULL),(682,'201205171143058ff.jpg','FF',0.00,0.00,133,'2012-05-17 11:43:58',NULL),(683,'201205171144013458.jpg','458 Italia',388.00,388.00,133,'2012-05-17 11:44:13',NULL),(684,'201205171144036california.jpg','California',348.80,348.80,133,'2012-05-17 11:44:36',NULL),(685,'201205171144053f430.jpg','F430',445.80,313.00,133,'2012-05-17 11:44:53',NULL),(686,'201205171145009612.jpg','612',569.80,569.80,133,'2012-05-17 11:45:09',NULL),(687,'201205171145023599.jpg','599',492.80,492.80,133,'2012-05-17 11:45:23',NULL),(688,NULL,'派朗',0.00,0.00,134,'2012-05-17 11:48:20',NULL),(689,'201205171148050pla.jpg','派力奥',0.00,0.00,134,'2012-05-17 11:48:50',NULL),(690,'201205171149008xyy.jpg','西耶那',0.00,0.00,134,'2012-05-17 11:49:08',NULL),(691,'201205171150018zmf.jpg','周末风',0.00,0.00,134,'2012-05-17 11:50:18',NULL),(692,'201205171151044by.jpg','博悦',20.79,16.39,135,'2012-05-17 11:51:44',NULL),(693,'201205171152010pd.jpg','朋多',16.66,14.88,135,'2012-05-17 11:52:10',NULL),(694,'201205171152037ly.jpg','领雅',18.60,18.60,135,'2012-05-17 11:52:37',NULL),(695,'201205171153015500.jpg','菲亚特500',26.88,16.98,135,'2012-05-17 11:53:15',NULL),(696,'201205171154055500l.jpg','菲亚特500L',0.00,0.00,135,'2012-05-17 11:54:55',NULL),(697,'201205171155030fy.jpg','菲跃',27.48,24.98,135,'2012-05-17 11:55:30',NULL),(698,'201205171158015urus.jpg','Urus',0.00,0.00,136,'2012-05-17 11:58:15',NULL),(699,'201205171158038aventador.jpg','Aventador',648.80,648.80,136,'2012-05-17 11:58:38',NULL),(700,'201205171158056reventon.jpg','Reventon',1500.00,1500.00,136,'2012-05-17 11:58:56',NULL),(701,'201205171159016murcielago.jpg','Murcielago',598.00,438.00,136,'2012-05-17 11:59:16',NULL),(702,'201205171159040Gallardo.jpg','Gallardo',428.00,298.00,136,'2012-05-17 11:59:40',NULL),(703,'201205171201022Granc.jpg','GranCabrio',278.80,268.80,137,'2012-05-17 12:01:22',NULL),(704,'201205171201043zc.jpg','总裁',253.80,173.00,137,'2012-05-17 12:01:43',NULL),(705,'201205171201056spyder.jpg','Spyder',138.00,138.00,137,'2012-05-17 12:01:56',NULL),(706,'201205171202014grantur.jpg','GranTurismo',255.80,219.80,137,'2012-05-17 12:02:14',NULL),(709,'201205171204025ccxr.jpg','CCXR',4700.00,2600.00,138,'2012-05-17 12:04:25',NULL),(708,'201205171203025ccx.jpg','CCX',2300.00,2300.00,138,'2012-05-17 12:03:25',NULL),(710,'201205171211021huayra.jpg','Huayra',0.00,0.00,139,'2012-05-17 12:11:21',NULL),(711,'201205171211031zonda.jpg','Zonda',0.00,0.00,139,'2012-05-17 12:11:31',NULL),(712,'201205171212008saab.jpg','Saab 9-5',54.90,47.90,140,'2012-05-17 12:12:08',NULL),(713,'201205171212032saab93.jpg','Saab 9-3',66.80,34.90,140,'2012-05-17 12:12:32',NULL),(714,'201205171215002C30.jpg','C30',36.80,22.50,141,'2012-05-17 12:15:02',NULL),(715,'201205171215030C70.jpg','C70',66.10,61.00,141,'2012-05-17 12:15:30',NULL),(716,'201205171215057S40.jpg','S40',0.00,0.00,141,'2012-05-17 12:15:57',NULL),(717,'201205171216024S60.jpg','S60',52.98,28.28,141,'2012-05-17 12:16:24',NULL),(718,'201205171216046S80.jpg','S80',0.00,0.00,141,'2012-05-17 12:16:46',NULL),(719,'201205171217028XC90.jpg','XC90',81.80,59.80,141,'2012-05-17 12:17:28',NULL),(720,'201205171217047XC60.jpg','XC60',65.80,40.80,141,'2012-05-17 12:17:47',NULL),(721,'201205171218012V60.jpg','V60',49.99,44.99,141,'2012-05-17 12:18:12',NULL),(722,'201205171218032V40.jpg','V40',0.00,0.00,141,'2012-05-17 12:18:32',NULL),(723,'201205171219038S80L.jpg','S80L',65.99,37.49,142,'2012-05-17 12:19:38',NULL),(724,'201205171219038S401.jpg','S40',37.80,24.80,142,'2012-05-17 12:19:38',NULL),(725,'201205171221036L5.jpg','莲花L5',12.18,9.98,143,'2012-05-17 12:21:36',NULL),(726,'201205171222047L3.jpg','莲花L3',12.56,7.46,143,'2012-05-17 12:22:47',NULL),(727,'201205171223011jy.jpg','竞悦',12.98,11.98,143,'2012-05-17 12:23:11',NULL),(728,'201205171223027js.jpg','竞速',13.98,11.98,143,'2012-05-17 12:23:27',NULL),(729,'201205171224003yeti.jpg','Yeti',0.00,0.00,144,'2012-05-17 12:24:03',NULL),(730,'201205171224024hy.jpg','昊锐',27.13,17.19,144,'2012-05-17 12:24:24',NULL),(731,'201205171224045jr.jpg','晶锐',11.79,7.89,144,'2012-05-17 12:24:45',NULL),(732,'201205171225003mr.jpg','明锐',21.09,12.34,144,'2012-05-17 12:25:03',NULL),(733,'201205171225036c8.jpg','世爵C8',508.00,508.00,145,'2012-05-17 12:25:36',NULL),(734,'201205171226039EXEO.jpg','EXEO',0.00,0.00,146,'2012-05-17 12:26:39',NULL),(735,'201205171226048IBIZA.jpg','IBIZA',0.00,0.00,146,'2012-05-17 12:26:48',NULL),(736,'201205171227004LEON.jpg','LEON',29.46,24.39,146,'2012-05-17 12:27:04',NULL);
/*!40000 ALTER TABLE `carshome_brand_model_car` ENABLE KEYS */;
UNLOCK TABLES;

--
-- Table structure for table `carshome_key_country`
--

DROP TABLE IF EXISTS `carshome_key_country`;
SET @saved_cs_client     = @@character_set_client;
SET character_set_client = utf8;
CREATE TABLE `carshome_key_country` (
  `ID` int(11) NOT NULL auto_increment,
  `COUNTRY_NAME` varchar(255) default NULL,
  `CREATE_TIME` datetime default NULL,
  `UPDATE_TIME` datetime default NULL,
  PRIMARY KEY  (`ID`)
) ENGINE=MyISAM AUTO_INCREMENT=10 DEFAULT CHARSET=gbk;
SET character_set_client = @saved_cs_client;

--
-- Dumping data for table `carshome_key_country`
--

LOCK TABLES `carshome_key_country` WRITE;
/*!40000 ALTER TABLE `carshome_key_country` DISABLE KEYS */;
INSERT INTO `carshome_key_country` VALUES (1,'中国','2012-05-14 12:44:45',NULL),(2,'美国','2012-05-14 12:44:45',NULL),(3,'德国','2012-05-14 12:44:45',NULL),(4,'日本','2012-05-14 12:44:45',NULL),(5,'韩国','2012-05-14 12:44:45',NULL),(6,'法国','2012-05-14 12:44:45',NULL),(7,'英国','2012-05-14 12:44:45',NULL),(8,'意大利','2012-05-14 12:44:45',NULL),(9,'其他','2012-05-14 12:44:45',NULL);
/*!40000 ALTER TABLE `carshome_key_country` ENABLE KEYS */;
UNLOCK TABLES;

--
-- Table structure for table `carshome_user`
--

DROP TABLE IF EXISTS `carshome_user`;
SET @saved_cs_client     = @@character_set_client;
SET character_set_client = utf8;
CREATE TABLE `carshome_user` (
  `ID` int(11) NOT NULL auto_increment,
  `CREATE_TIME` datetime default NULL,
  `UPDATE_TIME` datetime default NULL,
  `USER_EMAIL` varchar(255) default NULL,
  `USER_ICON_PATH` varchar(255) default NULL,
  `USER_NAME` varchar(255) default NULL,
  `USER_PASSWORD` varchar(255) default NULL,
  `USERPHONE` varchar(255) default NULL,
  PRIMARY KEY  (`ID`)
) ENGINE=MyISAM AUTO_INCREMENT=2 DEFAULT CHARSET=gbk;
SET character_set_client = @saved_cs_client;

--
-- Dumping data for table `carshome_user`
--

LOCK TABLES `carshome_user` WRITE;
/*!40000 ALTER TABLE `carshome_user` DISABLE KEYS */;
INSERT INTO `carshome_user` VALUES (1,'2012-05-29 23:19:42',NULL,'用户名',NULL,'用户名','用户名','用户名');
/*!40000 ALTER TABLE `carshome_user` ENABLE KEYS */;
UNLOCK TABLES;
/*!40103 SET TIME_ZONE=@OLD_TIME_ZONE */;

/*!40101 SET SQL_MODE=@OLD_SQL_MODE */;
/*!40014 SET FOREIGN_KEY_CHECKS=@OLD_FOREIGN_KEY_CHECKS */;
/*!40014 SET UNIQUE_CHECKS=@OLD_UNIQUE_CHECKS */;
/*!40101 SET CHARACTER_SET_CLIENT=@OLD_CHARACTER_SET_CLIENT */;
/*!40101 SET CHARACTER_SET_RESULTS=@OLD_CHARACTER_SET_RESULTS */;
/*!40101 SET COLLATION_CONNECTION=@OLD_COLLATION_CONNECTION */;
/*!40111 SET SQL_NOTES=@OLD_SQL_NOTES */;

-- Dump completed on 2013-04-20 16:37:59
